{ 
    "Changes": [

    //Loads chair overlays.

	{
		"LogName": "Chair Overlays",
		"Action": "Load",
		"Target": "EnD/ChairTiles",
		"FromFile": "Assets/TileSheets/ChairOverlays.png"
	},

    //Loads aquarium textures.

    {
        "LogName": "Aquarium Textures",
        "Action": "Load",
        "Target": "EnD/Aquariums",
        "FromFile": "Assets/EnDFurniture.png"
    },

	//Makes custom chairs sittable.

    {
        "LogName": "House Chairs",
        "Action": "EditData",
        "Target": "Data/ChairTiles",
        "Entries": {
            "Custom_EDInterior/10/2": "1/1/down/custom 0.5 0 0/0/0/false",
            "Custom_EDInterior/10/4": "1/1/down/custom 0.5 0 0/0/0/false",
            "Custom_EDInterior/12/4": "1/1/down/custom -0.5 0 0/0/0/false",
            "Custom_EDInterior/12/2": "2/1/right/custom 0.5 0 0/12/2/false/Maps\\Custom_EDInterior",
            "Custom_EDInterior/15/5": "2/2/up/custom 0.5 0 1/0/1/false/EnD\\ChairTiles",
            "Custom_EDInterior/16/5": "2/2/up/custom 0.5 0 1/1/1/false/EnD\\ChairTiles"
        }
    },

    //Adds custom aquariums.

    {
        "LogName": "EnD Furniture",
        "Action": "EditData",
        "Target": "Data/Furniture",
        "Entries": {
            "EnD.AbyssalTank": "EnD.AbyssalTank/fishtank/4 3/4 1/1/5000/-1/{{i18n:Core.Items.AbyssalTank}}/0/EnD\\Aquariums/true"
        }
    }
    ]
}