{
  "Changes": [

    //Texture Load

    {
      "Action": "Load",
      "Target": "Mods/EnD/Objects",
      "FromFile": "Assets/EnDObjects.png"
    },
    {
      "Action": "Load",
      "Target": "Mods/EnD/Crops",
      "FromFile": "Assets/EnDCrops.png"
    },
    {
      "Action": "Load",
      "Target": "Mods/EnD/GiantCrops",
      "FromFile": "Assets/EnDGiantCrops.png"
    },

    //Replace CC Aquarium

    {
      "LogName": "CC Tank Animation",
      "Action": "EditData",
      "Target": "spacechase0.SpaceCore/TextureOverrides",
      "Entries": {
        "CCTankAnimation": {
          "TargetTexture": "TileSheets\\furniture_2",
          "TargetRect": { "X": 0, "Y": 256, "Width": 96, "Height": 48 },
          "SourceTexture": "{{InternalAssetKey: Assets/Images/CCAquarium.png}}:0..29@12"
        }
      },
      "When": {
        "HasSeenEvent": "191393"
      },
      "Update": "OnLocationChange"
    },

    {
      "LogName": "Chaos Totem Animation",
      "Action": "EditData",
      "Target": "spacechase0.SpaceCore/TextureOverrides",
      "Entries": {
        "ChaosTotemAnimation": {
          "TargetTexture": "Mods\\EnD\\Objects",
          "TargetRect": { "X": 32, "Y": 112, "Width": 16, "Height": 16 },
          "SourceTexture":"{{InternalAssetKey: Assets/Images/ChaosTotem.png}}:0..7@12"
        }
      }
    },

    //Items

    {
      "Action": "EditData",
      "Target": "Data/Objects",
      "Entries": {
        "{{ModID}}_TenebrousNova.EnD.ChaosTotem": {
          "Name": "{{ModID}}_TenebrousNova.EnD.ChaosTotem",
          "DisplayName": "{{i18n:Core.Items.ChaosTotem}}",
          "Description": "{{i18n:Core.Items.ChaosTotem.Description}}",
          "Type": "Crafting",
          "Category": 0,
          "ExcludeFromRandomSale": true,
          "ExcludeFromShippingCollection": "{{Exclude From Perfection}}",
          "Price": "250",
          "Texture": "Mods/EnD/Objects",
          "SpriteIndex": 30,
          "Edibility": -300,
          "IsDrink": false,
          "ContextTags": [
            "not_placeable",
            "totem_item"
          ]
        },
        "{{ModID}}_TenebrousNova.EnD.JunimoTotem": {
          "Name": "{{ModID}}_TenebrousNova.EnD.JunimoTotem",
          "DisplayName": "{{i18n:Core.Items.JunimoTotem}}",
          "Description": "{{i18n:Core.Items.JunimoTotem.Description}}",
          "Type": "Crafting",
          "Category": 0,
          "ExcludeFromRandomSale": true,
          "ExcludeFromShippingCollection": "{{Exclude From Perfection}}",
          "Price": "250",
          "Texture": "Mods/EnD/Objects",
          "SpriteIndex": 31,
          "Edibility": -300,
          "IsDrink": false,
          "ContextTags": [
            "not_placeable",
            "totem_item"
          ]
        }
      }
    },

    {
      "Action": "EditData",
      "Target": "Data/CraftingRecipes",
      "Entries": {
        "{{ModID}}_TenebrousNova.EnD.JunimoTotem": "{{ModID}}_TenebrousNova.EnD.MandrakeRoot 1 709 5 768 1//{{ModID}}_TenebrousNova.EnD.JunimoTotem 1/false/{{i18n:Core.Items.JunimoTotem}}"
      }
    },

    {
      "Action": "EditData",
      "Target": "spacechase0.SpaceCore/ObjectExtensionData",
      "Update": "OnLocationChange, OnTimeChange",
      "Entries": {
        "{{ModID}}_TenebrousNova.EnD.ChaosTotem": {
          "TotemWarp": {
            "Location": "{{Random: Mountain, Beach, LewisBasement, EastScarp_Village, SeedShop, Summit, WizardHouse, Tunnel|key=warp-totem-{{Time}}-{{LocationName}}}}",
            "Position": "{{Random: 31, 20++20, 4++4, 4++24, 97++37, 18++11, 12++10, 17++10, 7|key=warp-totem-{{Time}}-{{LocationName}}|inputSeparator=++}}",
            "Color": {
              "R": "{{Random: 255, 0, 191, 255, 140, 92, 203, 100|key=warp-totem-{{Time}}-{{LocationName}}}}",
              "G": "{{Random: 0, 0, 0, 255, 242, 239, 63, 92|key=warp-totem-{{Time}}-{{LocationName}}}}",
              "B": "{{Random: 0, 255, 255, 255, 0, 255, 224, 112|key=warp-totem-{{Time}}-{{LocationName}}}}",
              "A": "255"
            }
          }
        },
        "{{ModID}}_TenebrousNova.EnD.JunimoTotem": {
          "TotemWarp": {
            "Location": "{{ModID}}_OldWoods",
            "Position": "29, 45",
            "Color": {
              "R": "3",
              "G": "252",
              "B": "127",
              "A": "255"
            }
          }
        }
      }
    },

    //Crops

    {
      "Action": "EditData",
      "Target": "Data/Objects",
      "Entries": {
        "{{ModID}}_TenebrousNova.EnD.MandrakeRoot": {
          "Name": "TenebrousNova.EliDylan.MandrakeRoot",
          "DisplayName": "{{i18n:Core.Items.MandrakeRoot}}",
          "Description": "{{i18n:Core.Items.MandrakeRoot.Description}}",
          "Type": "Vegetable",
          "Category": -75,
          "ExcludeFromRandomSale": true,
          "ExcludeFromShippingCollection": "{{Exclude From Perfection}}",
          "Price": 200,
          "Edibility": 30,
          "IsDrink": false,
          "Texture": "Mods/EnD/Objects",
          "SpriteIndex": 0,
          "ContextTags": [
            "color_green",
            "crop_mandrakeroot"
          ]
        },
        "{{ModID}}_TenebrousNova.EnD.MandrakeRootSeeds": {
          "Name": "{{ModID}}_TenebrousNova.EnD.MandrakeRootSeeds",
          "DisplayName": "{{i18n:Core.Items.MandrakeRootSeeds}}",
          "Description": "{{i18n:Core.Items.MandrakeRootSeeds.Description}}",
          "Type": "Seeds",
          "Category": -74,
          "ExcludeFromRandomSale": true,
          "Price": 30,
          "Texture": "Mods/EnD/Objects",
          "SpriteIndex": 1
        },
        "{{ModID}}_TenebrousNova.EnD.SanguineHeart": {
          "Name": "{{ModID}}_TenebrousNova.EnD.SanguineHeart",
          "DisplayName": "{{i18n:Core.Items.SanguineHeart}}",
          "Description": "{{i18n:Core.Items.SanguineHeart.Description}}",
          "Type": "Fruit",
          "Category": -79,
          "ExcludeFromRandomSale": true,
          "ExcludeFromShippingCollection": "{{Exclude From Perfection}}",
          "Price": 250,
          "Edibility": 30,
          "IsDrink": false,
          "Texture": "Mods/EnD/Objects",
          "SpriteIndex": 2,
          "ContextTags": [
            "color_red",
            "crop_sanguineheart"
          ]
        },
        "{{ModID}}_TenebrousNova.EnD.SanguineHeartSeeds": {
          "Name": "{{ModID}}_TenebrousNova.EnD.SanguineHeartSeeds",
          "DisplayName": "{{i18n:Core.Items.SanguineHeartSeeds}}",
          "Description": "{{i18n:Core.Items.SanguineHeartSeeds.Description}}",
          "Type": "Seeds",
          "Category": -74,
          "ExcludeFromRandomSale": true,
          "Price": 40,
          "Texture": "Mods/EnD/Objects",
          "SpriteIndex": 3
        },
        "{{ModID}}_TenebrousNova.EnD.BeholderFruit": {
          "Name": "{{ModID}}_TenebrousNova.EnD.BeholderFruit",
          "DisplayName": "{{i18n:Core.Items.BeholderFruit}}",
          "Description": "{{i18n:Core.Items.BeholderFruit.Description}}",
          "Type": "Fruit",
          "Category": -79,
          "ExcludeFromRandomSale": true,
          "ExcludeFromShippingCollection": "{{Exclude From Perfection}}",
          "Price": 100,
          "Edibility": 25,
          "IsDrink": false,
          "Texture": "Mods/EnD/Objects",
          "SpriteIndex": 4,
          "ContextTags": [
            "color_red",
            "crop_beholderfruit"
          ]
        },
        "{{ModID}}_TenebrousNova.EnD.BeholderFruitSeeds": {
          "Name": "{{ModID}}_TenebrousNova.EnD.BeholderFruitSeeds",
          "DisplayName": "{{i18n:Core.Items.BeholderFruitSeeds}}",
          "Description": "{{i18n:Core.Items.BeholderFruitSeeds.Description}}",
          "Type": "Seeds",
          "Category": -74,
          "ExcludeFromRandomSale": true,
          "Price": 50,
          "Texture": "Mods/EnD/Objects",
          "SpriteIndex": 5
        },
        "{{ModID}}_TenebrousNova.EnD.DragonEye": {
          "Name": "{{ModID}}_TenebrousNova.EnD.DragonEye",
          "DisplayName": "{{i18n:Core.Items.DragonEye}}",
          "Description": "{{i18n:Core.Items.DragonEye.Description}}",
          "Type": "Fruit",
          "Category": -79,
          "ExcludeFromRandomSale": true,
          "ExcludeFromShippingCollection": "{{Exclude From Perfection}}",
          "Price": 100,
          "Edibility": 20,
          "IsDrink": false,
          "Texture": "Mods/EnD/Objects",
          "SpriteIndex": 6
        },
        "{{ModID}}_TenebrousNova.EnD.DragonEyeSeeds": {
          "Name": "{{ModID}}_TenebrousNova.EnD.DragonEyeSeeds",
          "DisplayName": "{{i18n:Core.Items.DragonEyeSeeds}}",
          "Description": "{{i18n:Core.Items.DragonEyeSeeds.Description}}",
          "Type": "Seeds",
          "Category": -74,
          "ExcludeFromRandomSale": true,
          "Price": 50,
          "Texture": "Mods/EnD/Objects",
          "SpriteIndex": 7
        },
        "{{ModID}}_TenebrousNova.EnD.CrystallineLily": {
          "Name": "{{ModID}}_TenebrousNova.EnD.CrystallineLily",
          "DisplayName": "{{i18n:Core.Items.CrystallineLily}}",
          "Description": "{{i18n:Core.Items.CrystallineLily.Description}}",
          "Type": "Flower",
          "Category": -80,
          "ExcludeFromRandomSale": true,
          "ExcludeFromShippingCollection": "{{Exclude From Perfection}}",
          "Price": 180,
          "Texture": "Mods/EnD/Objects",
          "SpriteIndex": 8
        },
        "{{ModID}}_TenebrousNova.EnD.CrystallineLilySeeds": {
          "Name": "TenerbousNova.EnD.CrystallineLilySeeds",
          "DisplayName": "{{i18n:Core.Items.CrystallineLilySeeds}}",
          "Description": "{{i18n:Core.Items.CrystallineLilySeeds.Description}}",
          "Type": "Seeds",
          "Category": -74,
          "ExcludeFromRandomSale": true,
          "Price": 60,
          "Texture": "Mods/EnD/Objects",
          "SpriteIndex": 9
        },
        "{{ModID}}_TenebrousNova.EnD.PixieBloom": {
          "Name": "{{ModID}}_TenebrousNova.EnD.PixieBloom",
          "DisplayName": "{{i18n:Core.Items.PixieBloom}}",
          "Description": "{{i18n:Core.Items.PixieBloom.Description}}",
          "Type": "Flower",
          "Category": -80,
          "ExcludeFromRandomSale": true,
          "ExcludeFromShippingCollection": "{{Exclude From Perfection}}",
          "Price": 90,
          "Texture": "Mods/EnD/Objects",
          "SpriteIndex": 10
        },
        "{{ModID}}_TenebrousNova.EnD.PixieBloomSeeds": {
          "Name": "{{ModID}}_TenebrousNova.EnD.PixieBloomSeeds",
          "DisplayName": "{{i18n:Core.Items.PixieBloomSeeds}}",
          "Description": "{{i18n:Core.Items.PixieBloomSeeds.Description}}",
          "Type": "Seeds",
          "Category": -74,
          "ExcludeFromRandomSale": true,
          "Price": 60,
          "Texture": "Mods/EnD/Objects",
          "SpriteIndex": 11
        },
        "{{ModID}}_TenebrousNova.EnD.Bluffshroom": {
          "Name": "{{ModID}}_TenebrousNova.EnD.Bluffshroom",
          "DisplayName": "{{i18n:Core.Items.Bluffshroom}}",
          "Description": "{{i18n:Core.Items.Bluffshroom.Description}}",
          "Type": "Vegetable",
          "Category": -75,
          "ExcludeFromRandomSale": true,
          "ExcludeFromShippingCollection": "{{Exclude From Perfection}}",
          "Price": 75,
          "Edibility": 15,
          "IsDrink": false,
          "Texture": "Mods/EnD/Objects",
          "SpriteIndex": 12
        },
        "{{ModID}}_TenebrousNova.EnD.BluffshroomStarter": {
          "Name": "{{ModID}}_TenebrousNova.EnD.BluffshroomStarter",
          "DisplayName": "{{i18n:Core.Items.BluffshroomStarter}}",
          "Description": "{{i18n:Core.Items.BluffshroomStarter.Description}}",
          "Type": "Seeds",
          "Category": -74,
          "ExcludeFromRandomSale": true,
          "Price": 50,
          "Texture": "Mods/EnD/Objects",
          "SpriteIndex": 13
        }
      }
    },

    {
      "Action": "EditData",
      "Target": "Data/Crops",
      "Entries": {
        "{{ModID}}_TenebrousNova.EnD.MandrakeRootSeeds": {
          "Seasons": [ "fall" ],
          "DaysInPhase": [ 1, 1, 2, 2, 3, 3 ],
          "RegrowDays": -1,
          "HarvestItemID": "{{ModID}}_TenebrousNova.EnD.MandrakeRoot",
          "Texture": "Mods/EnD/Crops",
          "SpriteIndex": 0
        },
        "{{ModID}}_TenebrousNova.EnD.SanguineHeartSeeds": {
          "Seasons": [ "fall" ],
          "DaysInPhase": [ 1, 1, 2, 2, 2, 2 ],
          "RegrowDays": -1,
          "HarvestItemID": "{{ModID}}_TenebrousNova.EnD.SanguineHeart",
          "Texture": "Mods/EnD/Crops",
          "SpriteIndex": 2
        },
        "{{ModID}}_TenebrousNova.EnD.BeholderFruitSeeds": {
          "Seasons": [ "fall" ],
          "DaysInPhase": [ 1, 3, 3, 3, 3 ],
          "RegrowDays": 4,
          "HarvestItemID": "{{ModID}}_TenebrousNova.EnD.BeholderFruit",
          "Texture": "Mods/EnD/Crops",
          "SpriteIndex": 4
        },
        "{{ModID}}_TenebrousNova.EnD.DragonEyeSeeds": {
          "Seasons": [ "summer" ],
          "DaysInPhase": [ 1, 3, 3, 3, 3 ],
          "RegrowDays": 4,
          "HarvestMinStack": 1,
          "HarvestMaxStack": 2,
          "HarvestItemID": "{{ModID}}_TenebrousNova.EnD.DragonEye",
          "Texture": "Mods/EnD/Crops",
          "SpriteIndex": 6
        },
        "{{ModID}}_TenebrousNova.EnD.CrystallineLilySeeds": {
          "Seasons": [ "winter" ],
          "DaysInPhase": [ 1, 3, 3, 3, 4 ],
          "RegrowDays": -1,
          "HarvestItemID": "{{ModID}}_TenebrousNova.EnD.CrystallineLily",
          "Texture": "Mods/EnD/Crops",
          "SpriteIndex": 8
        },
        "{{ModID}}_TenebrousNova.EnD.PixieBloomSeeds": {
          "Seasons": [ "spring", "summer" ],
          "DaysInPhase": [ 1, 2, 2, 3, 3, 3 ],
          "RegrowDays": -1,
          "HarvestMinStack": 1,
          "HarvestMaxStack": 3,
          "HarvestMaxIncreasePerFarmingLevel": 0.2,
          "HarvestItemID": "{{ModID}}_TenebrousNova.EnD.PixieBloom",
          "Texture": "Mods/EnD/Crops",
          "SpriteIndex": 10
        },
        "{{ModID}}_TenebrousNova.EnD.BluffshroomStarter": {
          "Seasons": [ "spring", "winter" ],
          "DaysInPhase": [ 2, 2, 2, 1, 1 ],
          "RegrowDays": 4,
          "IsRaised": true,
          "HarvestMinStack": 1,
          "HarvestMaxStack": 3,
          "HarvestMaxIncreasePerFarmingLevel": 0.2,
          "HarvestItemID": "{{ModID}}_TenebrousNova.EnD.Bluffshroom",
          "Texture": "Mods/EnD/Crops",
          "SpriteIndex": 12
        }
      }
    },

    //Giant Crops

    {
      "LogName": "EnD Giant Crops",
      "Action": "EditData",
      "Target": "Data/GiantCrops",
      "Entries": {
        "{{ModID}}_TenebrousNova.EnD.GiantMandrakeRoot": {
          "FromItemID": "{{ModID}}_TenebrousNova.EnD.MandrakeRoot",
          "HarvestItems": [
            {
							"Chance": 1.0,
							"ItemID": "{{ModID}}_TenebrousNova.EnD.MandrakeRoot",
							"Quality": 0,
							"MinStack": 5,
							"MaxStack": 7
						},
						{
							"Chance": 1.0,
							"ItemID": "{{ModID}}_TenebrousNova.EnD.MandrakeRoot",
							"Quality": 1,
							"MinStack": 5,
							"MaxStack": 7
						},
						{
							"Chance": 1.0,
							"ItemID": "{{ModID}}_TenebrousNova.EnD.MandrakeRoot",
							"Quality": 2,
							"MinStack": 5,
							"MaxStack": 7
						},
						{
							"Chance": 0.5,
							"ItemID": "{{ModID}}_TenebrousNova.EnD.MandrakeRoot",
							"Quality": 4,
							"MinStack": 1,
							"MaxStack": 2
						}
          ],
          "Texture": "Mods/EnD/GiantCrops",
          "TexturePosition": {
            "X": 0,
            "Y": 0
          },
          "TileSize": {
            "X": 3,
            "Y": 3
          },
          "Chance": 0.01
        },
        "{{ModID}}_TenebrousNova.EnD.GiantCrystallineLily": {
          "FromItemID": "{{ModID}}_TenebrousNova.EnD.CrystallineLily",
          "HarvestItems": [
            {
							"Chance": 1.0,
							"ItemID": "{{ModID}}_TenebrousNova.EnD.CrystallineLily",
							"Quality": 0,
							"MinStack": 5,
							"MaxStack": 7
						},
						{
							"Chance": 1.0,
							"ItemID": "{{ModID}}_TenebrousNova.EnD.CrystallineLily",
							"Quality": 1,
							"MinStack": 5,
							"MaxStack": 7
						},
						{
							"Chance": 1.0,
							"ItemID": "{{ModID}}_TenebrousNova.EnD.CrystallineLily",
							"Quality": 2,
							"MinStack": 5,
							"MaxStack": 7
						},
						{
							"Chance": 0.5,
							"ItemID": "{{ModID}}_TenebrousNova.EnD.CrystallineLily",
							"Quality": 4,
							"MinStack": 1,
							"MaxStack": 2
						},
            {
              "Chance": "1.0",
              "ItemID": "80",
              "MinStack": 2,
              "MaxStack": 5
            }
          ],
          "Texture": "Mods/EnD/GiantCrops",
          "TexturePosition": {
            "X": 48,
            "Y": 0
          },
          "TileSize": {
            "X": 3,
            "Y": 3
          },
          "Chance": 0.01
        }
      }
    },

    //Fish
    {
      "Action": "EditData",
      "Target": "Data/Objects",
      "Entries": {
        "{{ModID}}_TenebrousNova.EnD.LambentHyphafin": { //identity of the fish
          "Name": "{{ModID}}_TenebrousNova.EnD.LambentHyphafin", //ditto
          "DisplayName": "{{i18n:Core.Items.LambentHyphafin}}", //i18n
          "Description": "{{i18n:Core.Items.LambentHyphafin.Description}}",
          "Type": "Fish", //what it is
          "Category": -4, //fish category is 4
          "ExcludeFromRandomSale": true, //no one can randomly sell my fish
          "ExcludeFromShippingCollection": "{{Exclude From Perfection}}", //perfection exclusion
          "ExcludeFromFishingCollection": "{{Exclude From Perfection}}", //perfection exclusion
          "Price": 150, //price fish is worth
          "Edibility": 50, //positive number provides life
          "IsDrink": false, //do not drink fish
          "Texture": "Mods/EnD/Objects", //where to find my fish sprite
          "SpriteIndex": 14, //spot on the sheet it is located
          "ContextTags": [ //these are what can be referenced so the fish kind, where it can be caught, and it's color for dying things
            "color_blue",
            "fish_lambenthyphafin",
            "fish_semi_rare",
            "fish_cave",
            "fish_difficulty_hard"
          ]
        },
        "{{ModID}}_TenebrousNova.EnD.Junimeel": {
          "Name": "{{ModID}}_TenebrousNova.EnD.Junimeel",
          "DisplayName": "{{i18n:Core.Items.Junimeel}}",
          "Description": "{{i18n:Core.Items.Junimeel.Description}}",
          "Type": "Fish",
          "Category": -4,
          "ExcludeFromRandomSale": true,
          "ExcludeFromShippingCollection": "{{Exclude From Perfection}}",
          "ExcludeFromFishingCollection": "{{Exclude From Perfection}}",
          "Price": 200,
          "Edibility": 70,
          "IsDrink": false,
          "Texture":"Mods/EnD/Objects",
          "SpriteIndex": 15,
          "ContextTags": [
            "color_green",
            "fish_junimeel",
            "fish_semi_rare",
            "fish_lake",
            "fish_difficulty_extremely_hard",
            "fish_favor_weather_sunny"
          ]
        },
        "{{ModID}}_TenebrousNova.EnD.CombJelly": {
          "Name": "{{ModID}}_TenebrousNova.EnD.CombJelly",
          "DisplayName": "{{i18n:Core.Items.CombJelly}}",
          "Description": "{{i18n:Core.Items.CombJelly.Description}}",
          "Type": "Fish",
          "Category": -4,
          "ExcludeFromRandomSale": true,
          "ExcludeFromShippingCollection": "{{Exclude From Perfection}}",
          "ExcludeFromFishingCollection": "{{Exclude From Perfection}}",
          "Price": 50,
          "Edibility": 1,
          "IsDrink": false,
          "Texture": "Mods/EnD/Objects",
          "SpriteIndex": 16,
          "ContextTags": [
            "color_white",
            "fish_combjelly"
          ]
        },
        "{{ModID}}_TenebrousNova.EnD.BloodybellyCombJelly": {
          "Name": "{{ModID}}_TenebrousNova.EnD.BloodybellyCombJelly",
          "DisplayName": "{{i18n:Core.Items.BloodybellyCombJelly}}",
          "Description": "{{i18n:Core.Items.BloodybellyCombJelly.Description}}",
          "Type": "Fish",
          "Category": -4,
          "ExcludeFromRandomSale": true,
          "ExcludeFromShippingCollection": "{{Exclude From Perfection}}",
          "ExcludeFromFishingCollection": "{{Exclude From Perfection}}",
          "Price": 70,
          "Edibility": 2,
          "IsDrink": false,
          "Texture": "Mods/EnD/Objects",
          "SpriteIndex": 17,
          "ContextTags": [
            "color_white",
            "fish_bloodybellycombjelly"
          ]
        },
        "{{ModID}}_TenebrousNova.EnD.Marimo": {
          "Name": "{{ModID}}_TenebrousNova.EnD.Marimo",
          "DisplayName": "{{i18n:Core.Items.Marimo}}",
          "Description": "{{i18n:Core.Items.Marimo.Description}}",
          "Type": "Forage",
          "Category": -81,
          "ExcludeFromRandomSale": true,
          "ExcludeFromShippingCollection": "{{Exclude From Perfection}}",
          "Price": 50,
          "Edibility": 10,
          "IsDrink": false,
          "Texture": "Mods/EnD/Objects",
          "SpriteIndex": 18,
          "ContextTags": [
            "color_green",
            "forage_marimo"
          ]
        },
        "{{ModID}}_TenebrousNova.EnD.FrogspawnCoral": {
          "Name": "{{ModID}}_TenebrousNova.EnD.FrogspawnCoral",
          "DisplayName": "{{i18n:Core.Items.FrogspawnCoral}}",
          "Description": "{{i18n:Core.Items.FrogspawnCoral.Description}}",
          "Type": "Forage",
          "Category": -81,
          "ExcludeFromRandomSale": true,
          "ExcludeFromShippingCollection": "{{Exclude From Perfection}}",
          "Price": 80,
          "Edibility": -300,
          "IsDrink": false,
          "Texture": "Mods/EnD/Objects",
          "SpriteIndex": 19,
          "ContextTags": [
            "color_green",
            "forage_frogspawncoral",
            "forage_item_beach"
          ]
        },
        "{{ModID}}_TenebrousNova.EnD.TorchCoral": {
          "Name": "{{ModID}}_TenebrousNova.EnD.TorchCoral",
          "DisplayName": "{{i18n:Core.Items.TorchCoral}}",
          "Description": "{{i18n:Core.Items.TorchCoral.Description}}",
          "Type": "Forage",
          "Category": -81,
          "ExcludeFromRandomSale": true,
          "ExcludeFromShippingCollection": "{{Exclude From Perfection}}",
          "Price": 80,
          "Edibility": -300,
          "IsDrink": false,
          "Texture": "Mods/EnD/Objects",
          "SpriteIndex": 20,
          "ContextTags": [
            "color_purple",
            "forage_torchcoral",
            "forage_item_beach"
          ]
        },
        "{{ModID}}_TenebrousNova.EnD.DuncanCoral": {
          "Name": "{{ModID}}_TenebrousNova.EnD.DuncanCoral",
          "DisplayName": "{{i18n:Core.Items.DuncanCoral}}",
          "Description": "{{i18n:Core.Items.DuncanCoral.Description}}",
          "Type": "Forage",
          "Category": -81,
          "ExcludeFromRandomSale": true,
          "ExcludeFromShippingCollection": "{{Exclude From Perfection}}",
          "Price": 85,
          "Edibility": -300,
          "IsDrink": false,
          "Texture": "Mods/EnD/Objects",
          "SpriteIndex": 21,
          "ContextTags": [
            "color_cyan",
            "forage_duncancoral",
            "forage_item_beach"
          ]
        },
        "{{ModID}}_TenebrousNova.EnD.Trachyphyllia": {
          "Name": "{{ModID}}_TenebrousNova.EnD.Trachyphyllia",
          "DisplayName": "{{i18n:Core.Items.Trachyphyllia}}",
          "Description": "{{i18n:Core.Items.Trachyphyllia.Description}}",
          "Type": "Forage",
          "Category": -81,
          "ExcludeFromRandomSale": true,
          "ExcludeFromShippingCollection": "{{Exclude From Perfection}}",
          "Price": 90,
          "Edibility": -300,
          "IsDrink": false,
          "Texture": "Mods/EnD/Objects",
          "SpriteIndex": 22,
          "ContextTags": [
            "color_blue",
            "forage_trachyphyllia",
            "forage_item_beach"
          ]
        },
        "{{ModID}}_TenebrousNova.EnD.Scolymia": {
          "Name": "{{ModID}}_TenebrousNova.EnD.Scolymia",
          "DisplayName": "{{i18n:Core.Items.Scolymia}}",
          "Description": "{{i18n:Core.Items.Scolymia.Description}}",
          "Type": "Forage",
          "Category": -81,
          "ExcludeFromRandomSale": true,
          "ExcludeFromShippingCollection": "{{Exclude From Perfection}}",
          "Price": 150,
          "Edibility": -300,
          "IsDrink": false,
          "Texture": "Mods/EnD/Objects",
          "SpriteIndex": 23,
          "ContextTags": [
            "color_red",
            "forage_scolymia",
            "forage_item_beach"
          ]
        },
        "{{ModID}}_TenebrousNova.EnD.AcanCoral": {
          "Name": "{{ModID}}_TenebrousNova.EnD.AcanCoral",
          "DisplayName": "{{i18n:Core.Items.AcanCoral}}",
          "Description": "{{i18n:Core.Items.AcanCoral.Description}}",
          "Type": "Forage",
          "Category": -81,
          "ExcludeFromRandomSale": true,
          "ExcludeFromShippingCollection": "{{Exclude From Perfection}}",
          "Price": 80,
          "Edibility": -300,
          "IsDrink": false,
          "Texture": "Mods/EnD/Objects",
          "SpriteIndex": 24,
          "ContextTags": [
            "color_purple",
            "forage_acancoral",
            "forage_item_beach"
          ]
        },
        "{{ModID}}_TenebrousNova.EnD.ToadstoolCoral": {
          "Name": "{{ModID}}_TenebrousNova.EnD.ToadstoolCoral",
          "DisplayName": "{{i18n:Core.Items.ToadstoolCoral}}",
          "Description": "{{i18n:Core.Items.ToadstoolCoral.Description}}",
          "Type": "Forage",
          "Category": -81,
          "ExcludeFromRandomSale": true,
          "ExcludeFromShippingCollection": "{{Exclude From Perfection}}",
          "Price": 80,
          "Edibility": -300,
          "IsDrink": false,
          "Texture": "Mods/EnD/Objects",
          "SpriteIndex": 25,
          "ContextTags": [
            "color_orange",
            "forage_toadstoolcoral",
            "forage_item_beach"
          ]
        },
        "{{ModID}}_TenebrousNova.EnD.CandyCaneCoral": {
          "Name": "{{ModID}}_TenebrousNova.EnD.CandyCaneCoral",
          "DisplayName": "{{i18n:Core.Items.CandyCaneCoral}}",
          "Description": "{{i18n:Core.Items.CandyCaneCoral.Description}}",
          "Type": "Forage",
          "Category": -81,
          "ExcludeFromRandomSale": true,
          "ExcludeFromShippingCollection": "{{Exclude From Perfection}}",
          "Price": 80,
          "Edibility": -300,
          "IsDrink": false,
          "Texture": "Mods/EnD/Objects",
          "SpriteIndex": 26,
          "ContextTags": [
            "color_brown",
            "forage_candycanecoral",
            "forage_item_beach"
          ]
        },
        "{{ModID}}_TenebrousNova.EnD.AcroporaCoral": {
          "Name": "{{ModID}}_TenebrousNova.EnD.AcroporaCoral",
          "DisplayName": "{{i18n:Core.Items.AcroporaCoral}}",
          "Description": "{{i18n:Core.Items.AcroporaCoral.Description}}",
          "Type": "Forage",
          "Category": -81,
          "ExcludeFromRandomSale": true,
          "ExcludeFromShippingCollection": "{{Exclude From Perfection}}",
          "Price": 80,
          "Edibility": -300,
          "IsDrink": false,
          "Texture": "Mods/EnD/Objects",
          "SpriteIndex": 27,
          "ContextTags": [
            "color_yellow",
            "forage_acroporacoral",
            "forage_item_beach"
          ]
        },
        "{{ModID}}_TenebrousNova.EnD.EleganceCoral": {
          "Name": "{{ModID}}_TenebrousNova.EnD.EleganceCoral",
          "DisplayName": "{{i18n:Core.Items.EleganceCoral}}",
          "Description": "{{i18n:Core.Items.EleganceCoral.Description}}",
          "Type": "Forage",
          "Category": -81,
          "ExcludeFromRandomSale": true,
          "ExcludeFromShippingCollection": "{{Exclude From Perfection}}",
          "Price": 120,
          "Edibility": -300,
          "IsDrink": false,
          "Texture": "Mods/EnD/Objects",
          "SpriteIndex": 28,
          "ContextTags": [
            "color_blue",
            "forage_elegancecoral",
            "forage_item_beach"
          ]
        },
        "{{ModID}}_TenebrousNova.EnD.Gorgonian": {
          "Name": "{{ModID}}_TenebrousNova.EnD.Gorgonian",
          "DisplayName": "{{i18n:Core.Items.Gorgonian}}",
          "Description": "{{i18n:Core.Items.Gorgonian.Description}}",
          "Type": "Forage",
          "Category": -81,
          "ExcludeFromRandomSale": true,
          "ExcludeFromShippingCollection": "{{Exclude From Perfection}}",
          "Price": 80,
          "Edibility": -300,
          "IsDrink": false,
          "Texture": "Mods/EnD/Objects",
          "SpriteIndex": 29,
          "ContextTags": [
            "color_red",
            "forage_gorgonian",
            "forage_item_beach"
          ]
        }
      }
    }
  ]
 }

 