{
    "Changes": [

      //Objects

      //The Mandrake Root objects to being devoured. You monster.

      {
        "LogName": "Trigger Action - Mandrake Scream",
        "Action": "EditData",
        "Target": "Data/TriggerActions",
        "Entries": {
          "EnD.EatMandrake": {
            "Id": "EnD.EatMandrake",
            "Trigger": "spacechase0.SpaceCore_OnItemEaten",
            "Action": "spacechase0.SpaceCore_PlaySound rockGolemHit true",
            "MarkActionApplied": false,
            "Condition": "ITEM_ID Input (O){{ModID}}_TenebrousNova.EnD.MandrakeRoot"
          }
        }
      },

      //Adds the Beholder Fruit seeds to the Guest Room (one time only). Thanks for the help, Mads!

      {
        "LogName": "Trigger Action - Beholder Fruit Spawn",
        "Action": "EditData",
        "Target": "Data/TriggerActions",
        "Entries": {
          "{{ModID}}_TenebrousNova.EnD_SeedGift": {
            "Id": "{{ModID}}_TenebrousNova.EnD_SeedGift",
            "Trigger": "Manual",
            "Condition": "!PLAYER_HAS_MAIL Current {{ModID}}_TenebrousNova.EnD_SeedGift_Received Any", 
            "Actions": [
              "AddItem (O){{ModID}}_TenebrousNova.EnD.BeholderFruitSeeds 8",
              "spacechase0.SpaceCore_PlaySound getNewSpecialItem false",
              "spacechase0.SpaceCore_ShowHudMessage \"{{i18n:Strings.House.EDGuestRoomBox}}\" (O){{ModID}}_TenebrousNova.EnD.BeholderFruitSeeds",
              "AddMail Current {{ModID}}_TenebrousNova.EnD_SeedGift_Received received"
            ]
          }
        }
      },

      //Sends the Crystalline Lily seeds.

      {
        "LogName": "Trigger Action - Crystalline Lily Seeds",
        "Action": "EditData",
        "Target": "Data/TriggerActions",
        "Entries": {
          "EnD.CrystallineLilyMail": {
            "Id": "EnD.CrystallineLilyMail",
            "Trigger": "DayStarted",
            "Condition": "PLAYER_FRIENDSHIP_POINTS Current Nova.Eli 2000, PLAYER_FRIENDSHIP_POINTS Current Nova.Dylan 2000, PLAYER_HAS_SEEN_EVENT Current EnD.Critters.03",
            "Action": "AddMail Current SentinelLetter Now"
          }
        }
      },

      //Events
      //Eli

      {
        "LogName": "Trigger Action - 5 Hearts",
        "Action": "EditData",
        "Target": "Data/TriggerActions",
        "Entries": {
          "EnD.OnSeenEli4Hearts": {
            "Id": "EnD.OnSeenEli4Hearts",
            "Trigger": "DayStarted",
            "Condition": "PLAYER_FRIENDSHIP_POINTS Current Nova.Eli 1250, PLAYER_HAS_SEEN_EVENT Current EnD.Eli.05, !PLAYER_HAS_CONVERSATION_TOPIC Current EliWoods",
            "Action": "AddMail Current EliWarpPrototype Now"
          }
        }
      },

      {
        "LogName": "Trigger Action - 6 Hearts",
        "Action": "EditData",
        "Target": "Data/TriggerActions",
        "Entries": {
          "EnD.OnSeenEli5Hearts": {
            "Id": "EnD.OnSeenEli5Hearts",
            "Trigger": "DayStarted",
            "Condition": "PLAYER_FRIENDSHIP_POINTS Current Nova.Eli 1500, PLAYER_HAS_SEEN_EVENT Current EnD.Eli.09, !PLAYER_HAS_CONVERSATION_TOPIC Current JunimoKingIntro",
            "Action": "AddMail Current EliCaveInvite Now"
          }
        }
      },

      //Mouse sends shop invite after receiving any of this mod's seeds from mail.

      {
        "LogName": "Mouse Shop Letter",
        "Action": "EditData",
        "Target": "Data/TriggerActions",
        "Entries": {
          "{{ModID}}_TenebrousNova.EnD_MouseShopInvite": {
            "Id": "{{ModID}}_TenebrousNova.EnD_MouseShopInvite",
            "Trigger": "DayStarted",
            "Condition": "Any \"PLAYER_HAS_MAIL Current {{ModID}}_TenebrousNova.EnD_SeedGift_Received Received\" \"PLAYER_HAS_MAIL Current EliLetter2 Received\" \"PLAYER_HAS_MAIL Current DylanGift Received\"",
            "Action": "AddMail Current MouseLetter Now",
            "MarkActionApplied": true
          }
        } 
      }
    ]
  }