{
	"Changes": [

			/*Directions: 0 = UP, 1 = RIGHT, 2 = DOWN, 3 = LEFT

	message \"animation - standing blink spell\"/animate Nova.Eli false false 75 32 33 34 35 35 36 36 37 37 38 39 39 40 41 41 44 45 46 47 51 25 25 25 25 25 25 25/pause 1400/playSound coldSpell/pause 500/warp Nova.Eli -999 -999/pause 1000/stopAnimation Nova.Eli/showFrame Nova.Eli 49 true/

	message \"animation - sitting blink spell\"/animate Nova.Eli false false 75 16 26 27 30 30 31 31 31 31 38 39 39 40 41 41 44 45 46 47 51 25 25 25 25 25 25 25/pause 1400/playSound coldSpell/pause 500/warp Nova.Eli -999 -999/pause 1000/stopAnimation Nova.Eli/showFrame Nova.Eli 49 true/
					
	message \"animation - 'phase' back sitting version\"/pause 100/animate Nova.Eli false false 50 46 45 44 41 41 40 39 39 38 31 31 30 30 27 27 26 26 16 16 16 16 16/warp Nova.Eli 31 14 true/pause 400/playSound shadowDie/pause 700/stopAnimation Nova.Eli/showFrame Nova.Eli 16 false/pause 1000/
					
	message \"animation - 'phase' back standing version\"/pause 100/animate Nova.Eli false false 50 46 45 44 41 41 40 39 39 38 37 37 36 36 35 35 34 33 32 32 32 32 32/warp Nova.Eli 31 14 true/pause 400/playSound shadowDie/pause 700/stopAnimation Nova.Eli/showFrame Nova.Eli 32 false/pause 100/faceDirection Nova.Eli 2/"

	Sword: 52 and 53

	Walking backwards example (thanks Axell!):

	/positionOffset SenS 0 4/pause 5/positionOffset SenS 0 4/pause 5/positionOffset SenS 0 4/pause 5/positionOffset SenS 0 4/pause 5/showFrame SenS 9/positionOffset SenS 0 4/pause 5/positionOffset SenS 0 4/pause 5/positionOffset SenS 0 4/pause 5/positionOffset SenS 0 4/pause 5/showFrame SenS 8/positionOffset SenS 0 4/pause 5/positionOffset SenS 0 4/pause 5/positionOffset SenS 0 4/pause 5/positionOffset SenS 0 4/pause 5/showFrame SenS 11/positionOffset SenS 0 4/pause 5/positionOffset SenS 0 4/pause 5/positionOffset SenS 0 4/pause 5/
	positionOffset SenS 0 4/pause 5/showFrame SenS 8/pause 5/warp SenS 18 11/

	Recieving item: /faceDirection farmer 2/showFrame farmer 57/addObject 18 6 243 3/playSound pickUpItem/pause 1500/removeTemporarySprites/

	Removing tile example: removeTile 9 4 Buildings

	Emotes:

	4- empty can
	8- question mark
	12- angry
	16- exclamation
	20- heart
	24- sleep
	28- sad
	32- happy
	36- x
	40- pause
	52- video game
	56- music note
	60- blush

	hideShadow <Actor> <True/False>
	*/

    //Intro

	{
		"LogName": "Eli Introduction",
		"Action": "EditData",
		"Target": "Data/Events/Town",
		"Entries": {
			"EnD.Eli.01/w sunny/t 0900 1500/e 112":
			"springtown/55 20/farmer 56 28 0 Nova.Eli 55 15 2 Lewis 54 30 0/ignoreCollisions farmer/addConversationTopic EliIntro 3/skippable/animate Nova.Eli false true 100 16 16 16 16 16 16 16 16 16 16 16 16 16 16 16 16 16 16 16 16 16 16 16 16 140 140 140 140 140 140 140 140/positionOffset Nova.Eli 0 20/move farmer 0 -5 3/move farmer -1 0 3 true/speak Nova.Eli \"{{i18n:Events.EliIntro.NovaEli.1}}\"/emote farmer 16/faceDirection farmer 0/jump farmer/pause 1000/speak Nova.Eli \"{{i18n:Events.EliIntro.NovaEli.2}}\"/quickQuestion {{i18n:Events.EliIntro.Question.1}}(break)emote Nova.Eli 32 true\\speak Nova.Eli \"{{i18n:Events.EliIntro.Question.1.Response.1}}\"(break)emote Nova.Eli 56 true\\speak Nova.Eli \"{{i18n:Events.EliIntro.Question.1.Response.2}}\"(break)emote Nova.Eli 60 true\\speak Nova.Eli \"{{i18n:Events.EliIntro.Question.1.Response.3}}\"/pause 1000/move Lewis 0 -5 0 true/textAboveHead Lewis \"{{i18n:Events.EliIntro.Lewis.1}}\"/stopAnimation Nova.Eli/showFrame Nova.Eli 88/emote Nova.Eli 16 true/faceDirection farmer 2/pause 500/textAboveHead Nova.Eli \"{{i18n:Events.EliIntro.Eli.3}}\"/pause 2000/speak Lewis \"{{i18n:Events.EliIntro.Lewis.2}}\"/faceDirection farmer 0/showFrame Nova.Eli 60/pause 500/showFrame Nova.Eli 61/pause 500/showFrame Nova.Eli 58/pause 100/speak Nova.Eli \"{{i18n:Events.EliIntro.NovaEli.4}}\"/emote Nova.Eli 28/speak Nova.Eli \"{{i18n:Events.EliIntro.NovaEli.5}}\"/faceDirection farmer 2/emote Lewis 12/speak Lewis \"{{i18n:Events.EliIntro.Lewis.3}}\"/faceDirection farmer 0/showFrame Nova.Eli 59/speak Nova.Eli \"{{i18n:Events.EliIntro.NovaEli.6}}\"/showFrame Nova.Eli 0/shake Nova.Eli 500/playSound dwop/warp Nova.Eli 55 15/globalFade/viewport -1000 -1000/pause 1000/playSound swordswipe/pause 150/playSound leafrustle/warp Nova.Eli 47 15/warp farmer 55 22/warp Lewis 55 23/faceDirection farmer 2/faceDirection Lewis 0/viewport 55 19/globalFadeToClear/speak Lewis \"{{i18n:Events.EliIntro.Lewis.4}}\"/emote farmer 32/speed Nova.Eli 5/advancedMove Nova.Eli false -2 0 0 2 -1 0 0 3 -1 0 0 2 1 10/pause 1000/playSound leafrustle/pause 1000/playSound leafrustle/pause 1000/textAboveHead Nova.Eli \"{{i18n:Events.EliIntro.NovaEli.7}}\"/faceDirection farmer 3/faceDirection Lewis 3/speed Nova.Eli 4/advancedMove Nova.Eli false 10 0 1 10/pause 3000/speak Nova.Eli \"{{i18n:Events.EliIntro.NovaEli.8}}\"/speak Lewis \"{{i18n:Events.EliIntro.Lewis.5}}\"/emote Nova.Eli 32/speak Nova.Eli \"{{i18n:Events.EliIntro.NovaEli.9}}\"/advancedMove Lewis false 0 15 2 10/pause 1500/textAboveHead Nova.Eli \"{{i18n:Events.EliIntro.NovaEli.10}}\"/faceDirection Nova.Eli 2/faceDirection farmer 2/pause 2000/showFrame Nova.Eli 67/pause 500/stopAnimation Nova.Eli/faceDirection Nova.Eli 1/faceDirection farmer 3/speak Nova.Eli \"{{i18n:Events.EliIntro.NovaEli.11}}\"/emote farmer 16/speak Nova.Eli \"{{i18n:Events.EliIntro.NovaEli.12}}\"/advancedMove Nova.Eli false 0 15 2 10/fade/viewport -1000 -1000/pause 500/end"
		}
	},

	//2 Hearts

	{
		"LogName": "Eli 2 Hearts",
		"Action": "EditData",
		"Target": "Data/Events/Saloon",
		"Entries": {
			"EnD.Eli.02/f Nova.Eli 500/A EliIntro/t 1800 2200/e EnD.Eli.01":
			"Saloon1/17 20/farmer 14 24 0 Nova.Eli 999 999 0 Sam 999 999 0 Abigail 999 999 0 Sebastian 999 999 0 Gus 13 18 2 Emily 17 17 0 Willy 17 22 2 Clint 19 23 3 Pierre 11 20 0 Shane 21 17 2 Pam 7 18 1 Leah 2 19 1 Elliott 4 19 2 Sterling? 22 18 3 TraceV? 6 17 2 RodneyOBrien? 12 22 3/ignoreCollisions farmer/addConversationTopic EliSaloon 3/mail EliLetter1/skippable/animate Sterling? false true 200 16 16 16 16 16 16 16 16 16 16 16 16 16 16 16 16 16 16 16 16 16 16 16 16 16 16 16 16 16 16 16 16 16 16 16 17 18 18 18 18 18 18 18 19 19 19 18 18 19 19 17/{{EliSaloon_TraceGuitar}}/animate RodneyOBrien? false true 100 23 23 23/animate Shane false true 200 20 20 20 20 20 20 20 20 20 20 21 22 23 24 24 24 24 23 22 21 20 20 20 20/animate Elliott false true 200 16 16 16 16 16 16 16 16 16 16 16 16 16 16 16 16 16 16 17 18 18 18 19 19 18 18 19 19 18 17 16 16 16 16 16 16 16 16 16 16 16 16/animate Gus false true 200 18 18 19 19 20 20 19 19/playSound doorClose/move farmer 0 -3 0/stopAnimation Gus/speak Gus \"{{i18n:Events.EliSaloon.Gus.1}}\"/emote farmer 32/animate Gus false true 200 18 18 19 19 20 20 19 19/advancedMove farmer false 3 0 0 -1 4 50/pause 250/playSound doorClose/warp Sam 14 24/advancedMove Sam false 0 -3 10 0 0 -2 12 0 0 2 1 50/pause 500/warp Abigail 14 24/advancedMove Abigail false 0 -3 10 0 0 -2 15 0 2 50/pause 500/warp Sebastian 14 24/advancedMove Sebastian false 0 -3 10 0 0 -2 18 0 0 2 3 50/pause 1000/textAboveHead Sam \"{{i18n:Events.EliSaloon.Sam.1}}\" true/pause 2600/textAboveHead Sebastian \"{{i18n:Events.EliSaloon.Sebastian.1}}\" true/pause 3000/playSound doorClose/warp Nova.Eli 14 24/advancedMove Nova.Eli false 0 -3 4 0 0 -1 3 50/faceDirection Pierre 2/faceDirection Willy 3/pause 100/faceDirection Pierre 0/faceDirection Willy 2/pause 2000/faceDirection farmer 1/speak Nova.Eli \"{{i18n:Events.EliSaloon.NovaEli.1}}\"/faceDirection Nova.Eli 0/speak Nova.Eli \"{{i18n:Events.EliSaloon.NovaEli.2}}\"/faceDirection Clint 0 true/faceDirection farmer 0 true/advancedMove Emily false 0 1 1 0 2 100/speak Emily \"{{i18n:Events.EliSaloon.Emily.1}}\"/speak Nova.Eli \"{{i18n:Events.EliSaloon.NovaEli.3}}\"/addObject 18 18 62 3/playSound discoverMineral/pause 1500/textAboveHead Clint \"{{i18n:Events.EliSaloon.Clint.1}}\"/faceDirection Nova.Eli 2/faceDirection farmer 2/pause 500/faceDirection Clint 3/faceDirection farmer 1/faceDirection Nova.Eli 3/emote Nova.Eli 8/faceDirection Nova.Eli 0/faceDirection farmer 0/speak Emily \"{{i18n:Events.EliSaloon.Emily.2}}\"/emote Nova.Eli 16/speak Emily \"{{i18n:Events.EliSaloon.Emily.3}}\"/stopAnimation Gus/move Gus 4 0 2 true/emote Emily 56/speak Gus \"{{i18n:Events.EliSaloon.Gus.2}}\"/faceDirection Nova.Eli 3/speak Nova.Eli \"{{i18n:Events.EliSaloon.NovaEli.4}}\"/faceDirection farmer 1/emote farmer 32/faceDirection Nova.Eli 0/textAboveHead Nova.Eli \"{{i18n:Events.EliSaloon.NovaEli.5}}\"/faceDirection farmer 0/speak Gus \"{{i18n:Events.EliSaloon.Gus.3}}\"/quickQuestion {{i18n:Events.EliSaloon.Question.1}}(break)emote Gus 32 true\\speak Gus \"{{i18n:Events.EliSaloon.Question.1.Response.1}}\"(break)emote Gus 32 true\\speak Gus \"{{i18n:Events.EliSaloon.Question.1.Response.2}}\"(break)emote Gus 32 true\\speak Gus \"{{i18n:Events.EliSaloon.Question.1.Response.3}}\"/speak Nova.Eli \"{{i18n:Events.EliSaloon.NovaEli.6}}\"/faceDirection Clint 0/emote Emily 20/removeSprite 18 18/playSound coin/pause 1000/emote Clint 28/pause 500/faceDirection Clint 3/pause 1000/advancedMove Gus false -6 0 2 2000 2 0 2 50/advancedMove Emily false 0 -1 -6 0 4 1000 3 0 4 1000 1 0 4 50/pause 3500/addObject 11 18 202 3/playSound coin/pause 100/emote Pierre 20 true/faceDirection Nova.Eli 3/faceDirection farmer 1/speak Nova.Eli \"{{i18n:Events.EliSaloon.NovaEli.7}}\"/quickQuestion {{i18n:Events.EliSaloon.Question.2}}(break)emote Nova.Eli 20 true\\speak Nova.Eli \"{{i18n:Events.EliSaloon.Question.2.Response.1}}\"(break)emote Nova.Eli 56 true\\speak Nova.Eli \"{{i18n:Events.EliSaloon.Question.2.Response.2}}\"/advancedMove Emily false 2 0 0 1 2 50/pause 700/speak Emily \"{{i18n:Events.EliSaloon.Emily.4}}\"/faceDirection Nova.Eli 0 true/faceDirection farmer 0 true/pause 100/addObject 18 18 395 3/playSound coin/pause 500/emote Nova.Eli 32/speak Nova.Eli \"{{i18n:Events.EliSaloon.NovaEli.8}}\"/emote Emily 56/pause 500/globalFade/viewport -1000 -1000/playMusic none/message \"{{i18n:Events.EliSaloon.Message.1}}\"/changeLocation Town/warp farmer 43 72/warp Nova.Eli 44 72/positionOffset farmer 0 20/faceDirection farmer 1/faceDirection Nova.Eli 3/playSound doorClose/playMusic nightTime/viewport 42 72/pause 2000/speak Nova.Eli \"{{i18n:Events.EliSaloon.NovaEli.9}}\"/quickQuestion {{i18n:Events.EliSaloon.Question.3}}(break)emote Nova.Eli 60 true\\speak Nova.Eli \"{{i18n:Events.EliSaloon.Question.3.Response.1}}\"(break)emote Nova.Eli 28 true\\speak Nova.Eli \"{{i18n:Events.EliSaloon.Question.3.Response.2}}\"/pause 500/speak Nova.Eli \"{{i18n:Events.EliSaloon.NovaEli.10}}\"/faceDirection Nova.Eli 2/showFrame Nova.Eli 32/emote Nova.Eli 40/playSound doorClose/warp Sam 45 71/advancedMove Sam false 0 2 -3 0 0 -1 -20 0 3 50/pause 500/warp Abigail 45 71/advancedMove Abigail false 0 2 -3 0 0 -1 -20 0 3 50/pause 500/warp Sebastian 45 71/advancedMove Sebastian false 0 2 -3 0 0 -1 -20 0 3 50/pause 500/textAboveHead Sam \"{{i18n:Events.EliSaloon.Sam.2}}\"/pause 2600/textAboveHead Sebastian \"{{i18n:Events.EliSaloon.Sebastian.2}}\" true/emote Abigail 28 true/faceDirection Nova.Eli 3/speak Nova.Eli \"{{i18n:Events.EliSaloon.NovaEli.11}}\"/emote farmer 32/move Nova.Eli 5 0 1 true/globalFade/viewport -1000 -1000/changeLocation Saloon/end warpOut"
		}
	},

//animate Junimo true true 70 28 29 30 31/playSound coin/pause 400/jump farmer/pause 500/emote Lewis 8/pause 800/speak Lewis \"What?\"/pause 500/warp Junimo -1 -1/temporarySprite 29 8 6 8 30 false 1/stopAnimation Junimo/playSound dwop/

	//3 Hearts

	{
		"LogName": "Eli 3 Hearts Part 1",
		"Action": "EditData",
		"Target": "Data/Events/Mountain",
		"Entries": {
			"EnD.Eli.03/w sunny/f Nova.Eli 750/A EliSaloon 3/t 0900 1500/e EnD.Eli.02":
			"continue/36 22/farmer 12 12 1 Nova.Eli 999 999 2 Linus 42 8 2 Sebastian 47 22 1 Leah 40 23 2/ignoreCollisions farmer/addConversationTopic EliJunimo1 3/mail EliLetter2/skippable/addTemporaryActor JunimoFriendPurple 16 16 999 999 2 false/animate JunimoFriendPurple false true 80 0 1 2 3 4 5 6 7/animate Sebastian false true 120 16 16 16 16 16 16 16 16 16 16 16 16 16 16 16 16 16 16 16 16 16 16 16 16 16 16 17 18 19 20 21 21 21 21 21 21 21 21 21 22 23 16 16 16 16 16 16 16 16 16 16 16/advancedMove Leah false -7 0 2 10/pause 5000/animate Leah false true 90 35 35 35 35 35 35 35 35 35 35 32 32 32 32 32 32 33 34 34 33 32 33 34 33 32 32 32 32 32 33 33 33 32 32 33 34 34 34 33 32 32 35 35 35 35 35 35 35 32 32 33 33 34 34 33 33 32 32/setActorScale JunimoFriendPurple 0.8 0.8/pause 500/emote Leah 56/pause 1000/showFrame Nova.Eli 25/warp Nova.Eli 31 20/playSound wand/pause 400/showFrame Nova.Eli 0/stopAnimation Nova.Eli/advancedMove Nova.Eli false 0 1 2 10/stopAnimation Leah/showFrame Leah 24/emote Leah 16 true/jump Leah/positionOffset Leah 4 0/pause 5/positionOffset Leah 4 0/pause 5/positionOffset Leah 4 0/pause 5/positionOffset Leah 4 0/pause 5/positionOffset Leah 4 0/pause 5/positionOffset Leah 4 0/pause 5/positionOffset Leah 4 0/pause 5/positionOffset Leah 4 0/pause 5/positionOffset Leah 4 0/pause 5/positionOffset Leah 4 0/pause 5/positionOffset Leah 4 0/pause 5/positionOffset Leah 4 0/pause 5/positionOffset Leah 4 0/pause 5/positionOffset Leah 4 0/pause 5/positionOffset Leah 4 0/pause 5/positionOffset Leah 4 0/pause 5/shake Leah 2000/emote Nova.Eli 16 true/showFrame Nova.Eli 87/pause 500/textAboveHead Nova.Eli \"{{i18n:Events.EliJunimo1.NovaEli.1}}\"/pause 1500/faceDirection Leah 3/pause 500/speak Leah \"{{i18n:Events.EliJunimo1.Leah.1}}\"/emote Nova.Eli 28/showFrame Nova.Eli 67/speak Nova.Eli \"{{i18n:Events.EliJunimo1.NovaEli.2}}\"/advancedMove Nova.Eli false 0 2 1 0 1 10/pause 2000/speak Nova.Eli \"{{i18n:Events.EliJunimo1.NovaEli.3}}\"/speak Leah \"{{i18n:Events.EliJunimo1.Leah.2}}\"/emote Nova.Eli 32/speak Leah \"{{i18n:Events.EliJunimo1.Leah.3}}\"/pause 250/speak Nova.Eli \"{{i18n:Events.EliJunimo1.NovaEli.4}}\"/speak Nova.Eli \"{{i18n:Events.EliJunimo1.NovaEli.5}}\"/emote Leah 20/speak Nova.Eli \"{{i18n:Events.EliJunimo1.NovaEli.6}}\"/speak Leah \"{{i18n:Events.EliJunimo1.Leah.4}}\"/speak Nova.Eli \"{{i18n:Events.EliJunimo1.NovaEli.7}}\"/emote Leah 32 true/advancedMove Nova.Eli false 0 -1 6 0 1 10/advancedMove Sebastian false -8 0 3 10/pause 250/faceDirection Leah 0/pause 1000/faceDirection Leah 1/pause 250/advancedMove Leah false -1 0 2 10/viewport move 1 0 3500/pause 500/animate Leah false true 90 35 35 35 35 35 35 35 35 35 35 32 32 32 32 32 32 33 34 34 33 32 33 34 33 32 32 32 32 32 33 33 33 32 32 33 34 34 34 33 32 32 35 35 35 35 35 35 35 32 32 33 33 34 34 33 33 32 32/pause 100/emote Nova.Eli 16 true/pause 500/positionOffset Nova.Eli -4 0/pause 5/positionOffset Nova.Eli -4 0/pause 5/positionOffset Nova.Eli -4 0/pause 5/positionOffset Nova.Eli -4 0/pause 5/showFrame Nova.Eli 7/positionOffset Nova.Eli -4 0/pause 5/positionOffset Nova.Eli -4 0/pause 5/positionOffset Nova.Eli -4 0/pause 5/positionOffset Nova.Eli -4 0/pause 5/showFrame Nova.Eli 6/emote Sebastian 40 true/pause 600/speak Nova.Eli \"{{i18n:Events.EliJunimo1.NovaEli.8}}\"/speak Sebastian \"{{i18n:Events.EliJunimo1.Sebastian.1}}\"/speak Nova.Eli \"{{i18n:Events.EliJunimo1.NovaEli.9}}\"/speak Sebastian \"{{i18n:Events.EliJunimo1.Sebastian.2}}\"/emote Nova.Eli 32 true/emote Sebastian 32/pause 500/positionOffset Nova.Eli 4 0/pause 5/positionOffset Nova.Eli 4 0/pause 5/positionOffset Nova.Eli 4 0/pause 5/positionOffset Nova.Eli 4 0/pause 5/showFrame Nova.Eli 7/positionOffset Nova.Eli 4 0/pause 5/positionOffset Nova.Eli 4 0/pause 5/positionOffset Nova.Eli 4 0/pause 5/positionOffset Nova.Eli 4 0/pause 5/showFrame Nova.Eli 4/warp Nova.Eli 38 22/speak Nova.Eli \"{{i18n:Events.EliJunimo1.NovaEli.10}}\"/warp JunimoFriendPurple 39 19/temporarySprite 39 19 5 8 50 false 1/animate JunimoFriendPurple true true 70 28 29 30 31/playSound coin/pause 400/faceDirection Nova.Eli 0/playSound junimoMeep1/textAboveHead Nova.Eli \"{{i18n:Events.EliJunimo1.NovaEli.11}}\"/pause 1250/textAboveHead Nova.Eli \"{{i18n:Events.EliJunimo1.NovaEli.12}}\"/stopMusic/pause 250/warp JunimoFriendPurple 999 999/temporarySprite 39 19 6 8 30 false 1/stopAnimation JunimoFriendPurple/playSound dwop/playMusic communityCenter/pause 250/faceDirection Sebastian 0/stopAnimation Leah/advancedMove Leah false 4 0 0 -1 4 10/pause 3000/speak Sebastian \"{{i18n:Events.EliJunimo1.Sebastian.3}}\"/pause 250/speak Nova.Eli \"{{i18n:Events.EliJunimo1.NovaEli.13}}\"/faceDirection Sebastian 3/speak Sebastian \"{{i18n:Events.EliJunimo1.Sebastian.4}}\"/speak Nova.Eli \"{{i18n:Events.EliJunimo1.NovaEli.14}}\"/emote Sebastian 8 true/faceDirection Leah 1/faceDirection Nova.Eli 2/pause 250/showFrame Nova.Eli 32/speak Nova.Eli \"{{i18n:Events.EliJunimo1.NovaEli.15}}\"/speak Leah \"{{i18n:Events.EliJunimo1.Leah.5}}\"/faceDirection Nova.Eli 3/speak Nova.Eli \"{{i18n:Events.EliJunimo1.NovaEli.16}}\"/speed Nova.Eli 3/advancedMove Nova.Eli false 0 -1 2 0 0 -4 1 0 0 -5 1 10/pause 250/warp JunimoFriendPurple 38 22/temporarySprite 38 22 5 8 50 false 1/animate JunimoFriendPurple false true 80 16 17 18 19 20 21 22 23 24 25 26 27/playSound coin/emote Leah 8 true/pause 250/emote Sebastian 8/stopAnimation JunimoFriendPurple/warp JunimoFriendPurple 999 999/temporarySprite 38 22 6 8 30 false 1/playSound dwop/advancedMove Sebastian false 0 15/pause 500/advancedMove Leah false 0 1 -4 0 2 10/pause 3000/animate Leah false true 90 35 35 35 35 35 35 35 35 35 35 32 32 32 32 32 32 33 34 34 33 32 33 34 33 32 32 32 32 32 33 33 33 32 32 33 34 34 34 33 32 32 35 35 35 35 35 35 35 32 32 33 33 34 34 33 33 32 32/pause 1000/warp JunimoFriendPurple 38 24/temporarySprite 38 24 5 8 50 false 1/animate JunimoFriendPurple false true 80 0 1 2 3 4 5 6 7/playSound coin/pause 3000/jump JunimoFriendPurple 8 true/pause 500/stopAnimation JunimoFriendPurple/warp JunimoFriendPurple 999 999/temporarySprite 38 24 6 8 30 false 1/playSound dwop/pause 1000/globalFade/viewport -1000 -1000/pause 250/playSound junimoMeep1/pause 500/end"
		}	
	},

	{
		"LogName": "Eli 3 Hearts Part 2",
		"Action": "EditData",
		"Target": "Data/Events/EastScarp_Village",
		"Entries": {
			"EnD.Eli.04/w sunny/f Nova.Eli 750/A EliJunimo1/t 0900 1500/e EnD.Eli.03":
			"springtown/18 66/farmer 999 999 0 Nova.Eli 16 72 0 Rosa 38 67 2 Aideen 24 62 2 RodneyOBrien? 999 999 2 Juliet? 38 68 0 Otter.Cambria? 30 72 3 Mateo? 23 63 2 Torts? 13 64 1 Mia? 999 999 2 Henry? 999 999 2 Yri? 32 63 3 Charles? 31 63 1 SenS? 12 59 2 TraceV? 47 66 3 Nora? 9 62 1 EveT? 10 62 3 WaffleW? 10 63 3 PipoP? 42 70 3 MadDog.HashtagBearFam.Sigurd? 31 68 3 MadDog.HashtagBearFam.Gudrun? 46 69 2 MadDog.HashtagBearFam.Gunnar? 45 69 2 MadDog.HashtagBearFam.Sondra? 47 70 3/ignoreCollisions farmer/addConversationTopic EliJunimo2/skippable/addTemporaryActor JunimoFriendPurple 16 16 999 999 2 false/setActorScale JunimoFriendPurple 0.8 0.8/addTemporaryActor Munchboi 32 32 16 54 2 false/positionOffset PipoP? 0 25/animate PipoP? false true 100 18 18 19 19 20 20 21 21 22 22 19 19 18 18 18 18 18 18 18 18 18 18 18 18 18 18 18 18/animate MadDog.HashtagBearFam.Sigurd? false true 22 22 22 22 22 22 22 22 22 22 22 22 23 23 23 23 23 23 23 23 23 23 23 23 23 23 23 24 24 24 24 24 24 24 24 24 24 24 24 24 24 24 24 24 24 25 25 25 25 25 25 25 25 25 25 25 25 25 25 25 25 24 24 24 24 24 24 24 24 24 24 24 24 24 24 24 26 26 26 26 26 26 26 26 26 26 26 26 26 26 26 26 26 26 26 26 27 27 27 27 27 27 27 27 27 27 27 27 27 27 27 27 27 27 27 21 21 21 21 21 21 21 21 21 21 21 21 21 21 21 21 21 21 21 21 21 21 21 21 22 22 22 22 22 22 22 22 22 22 22 22 22 22 22 22/{{EliJunimo2_Maximum}}/animate Mateo? false true 500 17 18 19 18 17 18 19 18/animate SenS? false true 300 16 17 18 19/advancedMove Nova.Eli false 0 -6 4 10/advancedMove Otter.Cambria? false -15 0 0 -17 -10 0 3 10/pause 1600/emote Nora? 56 true/{{EliJunimo2_Torts}}/advancedMove Nova.Eli false 1 0 0 -4 1 10/viewport move 0 -1 2000/pause 2500/warp JunimoFriendPurple 20 62/temporarySprite 20 62 5 8 50 false 1/animate JunimoFriendPurple true true 80 16 17 18 19 20 21 22 23 24 25 26 27/playSound coin/emote Nova.Eli 16/playSound junimoMeep1/speak Nova.Eli \"{{i18n:Events.EliJunimo2.NovaEli.3}}\"/jump JunimoFriendPurple/playSound junimoMeep1/textAboveHead JunimoFriendPurple \"Ĩĩ! Ĩĩ!\"/faceDirection WaffleW? 1 true/emote WaffleW? 8 true/{{EliJunimo2_AideenMateo}}/emote Nora? 32 true/{{EliJunimo2_ARV}}{{EliJunimo2_Rodney}}/advancedMove Nova.Eli false 6 0 0 9 1 10/viewport move 2 0 2500/pause 2500/viewport move 0 2 5000/pause 4500/{{EliJunimo2_Juliet}}/message \"Įĥķ ĦĲĩĥĮĤ! ķĥ ķĩĬĬ ĭĥĥĴ ġħġĩĮ.\"/end"
		}
	},

	/*
	positionOffset SenS 0 4/pause 5/positionOffset SenS 0 4/pause 5/positionOffset SenS 0 4/pause 5/positionOffset SenS 0 4/pause 5/showFrame SenS 9/positionOffset SenS 0 4/pause 5/positionOffset SenS 0 4/pause 5/positionOffset SenS 0 4/pause 5/positionOffset SenS 0 4/pause 5/showFrame SenS 8/positionOffset SenS 0 4/pause 5/positionOffset SenS 0 4/pause 5/positionOffset SenS 0 4/pause 5/positionOffset SenS 0 4/pause 5/showFrame SenS 11/positionOffset SenS 0 4/pause 5/positionOffset SenS 0 4/pause 5/positionOffset SenS 0 4/pause 5/
	positionOffset SenS 0 4/pause 5/showFrame SenS 8/pause 5/warp SenS 18 11/
	*/

	//4 Hearts

	{
		"LogName": "Eli 4 Hearts",
		"Action": "EditData",
		"Target": "Data/Events/Woods",
		"Entries": {
			"EnD.Eli.05/f Nova.Eli 1000/A EliJunimo2/t 2100 2400/d Fri/e EnD.Eli.04":
			"woodsTheme/14 11/farmer 20 16 3 Nova.Eli 11 6 2 Krobus 10 8 1 SenS? 12 6 2/{{Eli_Woods_Map}}/positionOffset SenS? 20 0/animate SenS? false true 100 20 20 21 21 22 22 23 23/ignoreCollisions farmer/addConversationTopic EliWoods 3/skippable/addLantern 935 12 8 6/removeSprite 12 8/addTemporaryActor ESFirepit 16 32 12 8 2/animate ESFirepit false true 400 0 1 2 3/showFrame Nova.Eli 16/positionOffset Nova.Eli 20 0/move farmer -4 0 3 true/emote Nova.Eli 56/pause 500/emote Krobus 32/pause 500/emote farmer 8/move farmer -5 0 3/faceDirection farmer 0/showFrame Nova.Eli 60/speak Nova.Eli \"{{i18n:Events.EliWoods.NovaEli.1}}\"/speak Krobus \"{{i18n:Events.EliWoods.Krobus.1}}\"/{{Eli_Woods_Sen1}}/emote Nova.Eli 32/pause 100/speak Nova.Eli \"{{i18n:Events.EliWoods.NovaEli.2}}\"/speak Krobus \"{{i18n:Events.EliWoods.Krobus.2}}\"/speak Nova.Eli \"{{i18n:Events.EliWoods.NovaEli.3}}\"/playsound leafrustle/emote Krobus 16 true/emote SenS? 16 true/stopAnimation SenS?/warp SenS? 12 7/emote Nova.Eli 16 true/faceDirection Krobus 2/showFrame Nova.Eli 0/warp Nova.Eli 11 7/shake Nova.Eli 500/playSound dwop/pause 500/move Krobus 0 -1 0/faceDirection Krobus 2/pause 500/speak SenS? \"{{i18n:Events.EliWoods.Sen.3}}\"/faceDirection SenS? 3/speak Krobus \"{{i18n:Events.EliWoods.Krobus.3}}\"/showFrame Nova.Eli 86/speak Nova.Eli \"{{i18n:Events.EliWoods.NovaEli.4}}\"/faceDirection Krobus 1/speak Krobus \"{{i18n:Events.EliWoods.Krobus.4}}\"/faceDirection Nova.Eli 3/speak Nova.Eli \"{{i18n:Events.EliWoods.NovaEli.5}}\"/textAboveHead Krobus \"{{i18n:Events.EliWoods.Krobus.5}}\"/pause 800/speed farmer 4/move farmer 3 0 1 true/playSound leafrustle/pause 100/faceDirection Nova.Eli 2 true/faceDirection SenS? 2 true/faceDirection Krobus 2/showFrame Nova.Eli 32/speak Nova.Eli \"{{i18n:Events.EliWoods.NovaEli.6}}\"/faceDirection farmer 0/emote farmer 28/speak Krobus \"{{i18n:Events.EliWoods.Krobus.6}}\"/speak Nova.Eli \"{{i18n:Events.EliWoods.NovaEli.7}}\"/faceDirection SenS? 3/jump SenS?/speak SenS? \"{{i18n:Events.EliWoods.Sen.4}}\"/advancedMove SenS? false 1 0 0 2 -1 0 0 4 2 10/textAboveHead Krobus \"{{i18n:Events.EliWoods.Krobus.7}}\" true/move Nova.Eli 0 6 2/pause 500/textAboveHead Nova.Eli \"{{i18n:Events.EliWoods.NovaEli.8}}\"/pause 1200/faceDirection Nova.Eli 1/speak Nova.Eli \"{{i18n:Events.EliWoods.NovaEli.9}}\"/faceDirection SenS? 1/pause 500/faceDirection SenS? 2/pause 1000/faceDirection Nova.Eli 2/pause 500/speak Nova.Eli \"{{i18n:Events.EliWoods.NovaEli.10}}\"/animate Nova.Eli false false 50 32 33 34 35 35 36 36 37 37 38 39 39 40 41 41 44 45 46 47 51 29 29 29 29 29 29 29/pause 500/shake Nova.Eli 2200 true/pause 900/playSound throw/pause 240/warp Nova.Eli 999 999/pause 150/stopAnimation Nova.Eli/pause 50/animate Nova.Eli false false 50 46 45 44 41 41 40 39 39 38 37 37 36 36 35 35 34 33 32 32 32 32 32/warp Nova.Eli 14 15 true/pause 400/playSound throw/pause 700/stopAnimation Nova.Eli/showFrame Nova.Eli 32 false/pause 100/showFrame Nova.Eli 53/jump farmer/positionOffset farmer 0 4/pause 5/positionOffset farmer 0 4/pause 5/positionOffset farmer 0 4/pause 5/positionOffset farmer 0 4/pause 5/positionOffset farmer 0 4/pause 5/positionOffset farmer 0 4/pause 5/positionOffset farmer 0 4/pause 5/positionOffset farmer 0 4/pause 5/positionOffset farmer 0 4/emote farmer 16 true/textAboveHead Nova.Eli \"{{i18n:Events.EliWoods.NovaEli.11}}\"/pause 3000/showFrame Nova.Eli 52/pause 1500/speak Nova.Eli \"{{i18n:Events.EliWoods.NovaEli.12}}\"/showFrame Nova.Eli 54/emote SenS? 8/pause 500/speak Nova.Eli \"{{i18n:Events.EliWoods.NovaEli.13}}\"/textAboveHead Krobus \"{{i18n:Events.EliWoods.Krobus.8}}\"/showframe Nova.Eli 0/{{Eli_Woods_Sen2}}/pause 1500/quickQuestion {{i18n:Events.EliWoods.Question.1}}(break)emote Nova.Eli 60 true\\speak Nova.Eli \"{{i18n:Events.EliWoods.Question.1.Response.1}}\"(break)emote Nova.Eli 40 true\\speak Nova.Eli \"{{Eli_Woods_Sen3}}\"(break)emote Nova.Eli 60 true\\speak Nova.Eli \"{{i18n:Events.EliWoods.Question.1.Response.3}}\"/showFrame Nova.Eli 32/emote Nova.Eli 40/pause 1000/showFrame Nova.Eli 0/speak Nova.Eli \"{{i18n:Events.EliWoods.NovaEli.14}}\"/animate Nova.Eli false false 50 32 33 34 35 35 36 36 37 37 38 39 39 40 41 41 44 45 46 47 51 29 29 29 29 29 29 29/pause 500/shake Nova.Eli 2200 true/pause 900/playSound throw/pause 240/warp Nova.Eli 999 999/pause 150/stopAnimation Nova.Eli/pause 50/pause 100/animate Nova.Eli false false 50 46 45 44 41 41 40 39 39 38 31 31 30 30 27 27 26 26 16 16 16 16 16/warp Nova.Eli 11 6 true/positionOffset Nova.Eli 20 0/pause 400/playSound throw/pause 700/stopAnimation Nova.Eli/showFrame Nova.Eli 16 false/faceDirection Krobus 1/warp farmer 14 17/speed farmer 2/advancedMove farmer false -4 0 0 -7 1 0 0 -2 4 50/advancedMove SenS? false -2 0 0 -8 3 0 0 -2 3 10/pause 1000/textAboveHead Krobus \"{{i18n:Events.EliWoods.Krobus.9}}\"/pause 2500/textAboveHead Nova.Eli \"{{i18n:Events.EliWoods.NovaEli.15}}\"/pause 1000/faceDirection Krobus 2/pause 1000/faceDirection Krobus 1/pause 1000/{{Eli_KrobusIntro}}/showFrame Nova.Eli 58/speak Nova.Eli \"{{i18n:Events.EliWoods.NovaEli.17}}\"/emote SenS? 28/speak SenS? \"{{i18n:Events.EliWoods.Sen.6}}\"/speak Krobus \"{{i18n:Events.EliWoods.Krobus.11}}\"/showFrame Nova.Eli 16/speak Nova.Eli \"{{i18n:Events.EliWoods.NovaEli.18}}\"/emote Nova.Eli 32 true/emote SenS? 32 true/emote Krobus 32/showFrame Nova.Eli 17/pause 1500/emote farmer 24/pause 1000/emote Nova.Eli 16/speak Nova.Eli \"{{i18n:Events.EliWoods.NovaEli.19}}\"/{{Eli_KrobusGoodbye}}/emote SenS? 32/speak SenS? \"{{i18n:Events.EliWoods.Sen.7}}\"/speak Nova.Eli \"{{i18n:Events.EliWoods.NovaEli.21}}\"/pause 500/speed farmer 1/move farmer 0 6 2 true/globalFade/viewport -1000 -1000/end warpOut"
		}
	},

	/*5 Hearts

	Sends the mail that triggers the next event when Eli's at 1250 or more friendship points after the previous event has been seen.*/

	{
		"LogName": "Trigger Action - 5 Hearts",
		"Action": "EditData",
		"Target": "Data/TriggerActions",
		"Entries": {
			"EnD.OnSeenEli4Hearts": {
				"Id": "EnD.OnSeenEli4Hearts",
				"Trigger": "DayStarted",
				"Condition": "PLAYER_FRIENDSHIP_POINTS Current Nova.Eli 1250, PLAYER_HAS_SEEN_EVENT Current EnD.Eli.05, !PLAYER_HAS_CONVERSATION_TOPIC Current EliWoods",
				"Action": "AddMail Current EliCaveInvite now"
			}
		}
	},

	{
		"LogName": "Eli 5 Hearts",
		"Action": "EditData",
		"Target": "Data/Events/EastScarp_DeepMountains",
		"Entries": {
			"EnD.Eli.06/t 0900 1500/n EliCaveInvite":
			"breezy/11 45/farmer 11 54 0 Nova.Eli 11 45 2/ignoreCollisions farmer/addConversationTopic EliMushroomCave 3/mail DemetriusCaveLetter/skippable/move farmer 0 -5 0/move farmer 0 -2 0 true/emote Nova.Eli 16/speak Nova.Eli \"{{i18n:Events.EliCave.NovaEli.1}}\"/emote farmer 40/speak Nova.Eli \"{{i18n:Events.EliCave.NovaEli.2}}\"/emote farmer 32/pause 500/emote Nova.Eli 32/jump Nova.Eli/speak Nova.Eli \"{{i18n:Events.EliCave.NovaEli.3}}\"/advancedMove Nova.Eli false -6 0 0 -6 4 500/pause 500/jump farmer/pause 500/advancedMove farmer false -6 0 0 -6 4 500/pause 3000/globalFade/viewport -1000 -1000/pause 2000/playMusic Upper_Ambient/speak Nova.Eli \"{{i18n:Events.EliCave.NovaEli.4}}\"/pause 1000/speak Nova.Eli \"{{i18n:Events.EliCave.NovaEli.5}}\"/pause 1000/playSound rockGolemSpawn/speak Nova.Eli \"{{i18n:Events.EliCave.NovaEli.6}}\"/playSound stoneCrack/pause 100/playSound fallDown/pause 500/playSound stairsdown/changeLocation TenebrousNova.EliDylan.CP_EDMushroomCave/warp farmer 21 18/faceDirection farmer 2/warp Nova.Eli 22 19/faceDirection Nova.Eli 0/showFrame Nova.Eli 24/showFrame farmer 4/viewport 18 17/fade unfade/pause 2000/showFrame farmer 0/jump farmer/emote farmer 16/advancedMove farmer false 0 1 1 10/pause 500/textAboveHead Nova.Eli \"{{i18n:Events.EliCave.NovaEli.7}}\"/pause 3000/showFrame Nova.Eli 23/pause 750/showFrame Nova.Eli 12/pause 500/showFrame Nova.Eli 0/pause 250/showFrame Nova.Eli 32/pause 1000/showFrame Nova.Eli 66/emote Nova.Eli 28/pause 100/speak Nova.Eli \"{{i18n:Events.EliCave.NovaEli.8}}\"/quickQuestion {{i18n:Events.EliCave.Question.1}}(break)emote Nova.Eli 60 true\\speak Nova.Eli \"{{i18n:Events.EliCave.Question.1.Response.1}}\"(break)emote Nova.Eli 28 true\\speak Nova.Eli \"{{i18n:Events.EliCave.Question1.Response.2}}\"/pause 1000/faceDirection Nova.Eli 3/speak Nova.Eli \"{{i18n:Events.EliCave.NovaEli.9}}\"/playMusic junimoKart_mushroomMusic/textAboveHead Nova.Eli \"{{i18n:Events.EliCave.NovaEli.10}}\" true/advancedMove farmer false -7 0 0 -8 -1 0 2 500 0 0 3 500 0 0 4 500 2 0 0 -3 4 100/advancedMove Nova.Eli false -8 0 0 -10 3 0 2 500 0 0 4 500 0 0 1 500 -1 0 0 -1 4 100/viewport move 0 -1 10000/pause 9500/pause 4000/textAboveHead Nova.Eli \"{{i18n:Events.EliCave.NovaEli.11}}\"/pause 2000/speak Nova.Eli \"{{i18n:Events.EliCave.NovaEli.12}}\"/faceDirection Nova.Eli 3/faceDirection farmer 2/animate farmer false true 100 102 103/pause 1000/stopAnimation farmer/faceDirection farmer 1/emote Nova.Eli 32/faceDirection Nova.Eli 2/showFrame Nova.Eli 67/pause 1000/showFrame Nova.Eli 66/pause 500/speak Nova.Eli \"{{i18n:Events.EliCave.NovaEli.13}}\"/faceDirection Nova.Eli 0/faceDirection farmer 0/textAboveHead Nova.Eli \"{{i18n:Events.EliCave.NovaEli.14}}\"/pause 2750/speak Nova.Eli \"{{i18n:Events.EliCave.NovaEli.15}}\"/emote farmer 56/pause 1000/faceDirection Nova.Eli 3/pause 500/showFrame Nova.Eli 23/faceDirection farmer 1/speak Nova.Eli \"{{i18n:Events.EliCave.NovaEli.16}}\"/animate farmer false true 90 6 7 8/positionOffset farmer 4 0/pause 5/positionOffset farmer 4 0/pause 5/positionOffset farmer 4 0/pause 5/positionOffset farmer 4 0/pause 5/positionOffset farmer 4 0/pause 5/positionOffset farmer 4 0/pause 5/positionOffset farmer 4 0/pause 5/positionOffset farmer 4 0/pause 5/positionOffset farmer 4 0/pause 5/positionOffset farmer 4 0/pause 5/positionOffset farmer 4 0/pause 5/positionOffset farmer 4 0/pause 5/positionOffset farmer 4 0/pause 5/positionOffset farmer 4 0/pause 5/stopAnimation farmer/faceDirection farmer 1/animate Nova.Eli false false 50 81 81 82 82 83 83 84 84 84 84 84 84 84 84/fade/viewport -1000 -1000/pause 50/viewport -1000 -1000/pause 500/shake Nova.Eli 2200 true/pause 900/playSound throw/warp farmer 13 3/positionOffset farmer 0 -20/warp Nova.Eli 14 2/positionOffset Nova.Eli 0 20/pause 250/viewport 14 7/fade unfade/animate Nova.Eli false false 50 84 84 83 83 82 82 81 81/pause 400/playSound throw/faceDirection Nova.Eli 3/pause 1000/stopAnimation Nova.Eli/speak Nova.Eli \"{{i18n:Events.EliCave.NovaEli.17}}\"/emote farmer 12/pause 1000/speak Nova.Eli \"{{i18n:Events.EliCave.NovaEli.18}}\"/faceDirection Nova.Eli 2/pause 100/positionOffset Nova.Eli 0 4/pause 5/positionOffset Nova.Eli 0 4/pause 5/positionOffset Nova.Eli 0 4/pause 5/positionOffset Nova.Eli 0 4/pause 5/positionOffset Nova.Eli 0 4/pause 5/positionOffset Nova.Eli 0 4/pause 5/positionOffset Nova.Eli 0 4/pause 5/positionOffset Nova.Eli 0 4/pause 5/positionOffset Nova.Eli 0 4/animate Nova.Eli false true 100 16 16 16 16 16 16 16 16 16 16 16 16 16 16 16 16 16 16 16 16 16 16 16 16 140 140 140 140 140 140 140 140/emote farmer 60 true/pause 450/faceDirection farmer 2/positionOffset farmer 0 4/pause 5/positionOffset farmer 0 4/pause 5/positionOffset farmer 0 4/pause 5/positionOffset farmer 0 4/pause 5/positionOffset farmer 0 4/pause 5/positionOffset farmer 0 4/showFrame farmer 54/pause 500/speak Nova.Eli \"{{i18n:Events.EliCave.NovaEli.19}}\"/emote farmer 32/showFrame Nova.Eli 16/speak Nova.Eli \"{{i18n:Events.EliCave.NovaEli.20}}\"/quickQuestion {{i18n:Events.EliCave.Question.2}}(break)emote Nova.Eli 32 true\\speak Nova.Eli \"{{i18n:Events.EliCave.Question.2.Response.1}}\"(break)emote Nova.Eli 60 true\\speak Nova.Eli \"{{i18n:Events.EliCave.Question.2.Response.2}}\"/pause 1000/viewport move 0 1 2500/globalFade/viewport -1000 -1000/stopMusic/speak Nova.Eli \"{{i18n:Events.EliCave.NovaEli.21}}\"/playSound discoverMineral/message \"{{i18n:Events.EliCave.Message.1}}\"/end"
		}
	},

	//6 Hearts Part 1

	{
		"LogName": "Trigger Action - 6 Hearts",
		"Action": "EditData",
		"Target": "Data/TriggerActions",
		"Entries": {
			"EnD.OnSeenEli5Hearts": {
				"Id": "EnD.OnSeenEli5Hearts",
				"Trigger": "DayStarted",
				"Condition": "PLAYER_FRIENDSHIP_POINTS Current Nova.Eli 1500, PLAYER_HAS_SEEN_EVENT Current EnD.Eli.06, !PLAYER_HAS_CONVERSATION_TOPIC Current EliMushroomCave",
				"Action": "AddMail Current EliWarpPrototype Now"
			}
		}
	},

	{
		"LogName": "Eli 6 Hearts Part 1",
		"Action": "EditData",
		"Target": "Data/Events/{{ModID}}_ESEDHouse",
		"Entries": {
			"EnD.Eli.07/t 0800 1700/n EliWarpPrototype":
			"continue/-1000 -1000/farmer 9 18 0 Nova.Eli 7 5 0 Nova.Dylan 12 6 3 Soot 2 7 0/addConversationTopic EliOldWoods 3/skippable/ignoreCollisions farmer/viewport 5 7 clamp true/addTemporaryActor MushroomTotem 16 16 999 999 2 false/positionOffset Soot 20 0/positionOffset Soot 0 -20/addTemporaryActor JunimoFriendPurple 16 16 999 999 2 false/setActorScale JunimoFriendPurple 0.8 0.8/textAboveHead Nova.Eli \"{{i18n:Events.EliPrototype.NovaEli.1}}\"/advancedMove farmer false 0 -4 -5 0 0 -1 4 10/advancedMove Nova.Eli false -3 0 4 1000 2 0 4 1000 1 0 0 1 1 1000/pause 6000/playSound stoneStep/pause 200/playSound stoneStep/faceDirection Nova.Eli 2/emote Nova.Eli 16/textAboveHead Nova.Eli \"{{i18n:Events.EliPrototype.NovaEli.2}}\"/pause 250/startJittering/pause 100/doAction 4 12/stopJittering/advancedMove farmer false 0 -6 4 10/advancedMove Nova.Eli false -3 0 2 10/pause 2500/speak Nova.Eli \"{{i18n:Events.EliPrototype.NovaEli.3}}\"/jump farmer/pause 1000/showFrame Nova.Eli 32/speak Nova.Eli \"{{i18n:Events.EliPrototype.NovaEli.4}}\"/showFrame Nova.Eli 67/pause 500/speak Nova.Eli \"{{i18n:Events.EliPrototype.NovaEli.5}}\"/faceDirection Nova.Eli 1/positionOffset Nova.Eli 4 0/pause 5/positionOffset Nova.Eli 4 0/pause 5/positionOffset Nova.Eli 4 0/pause 5/positionOffset Nova.Eli 4 0/pause 5/showFrame Nova.Eli 105/positionOffset Nova.Eli 4 0/pause 5/positionOffset Nova.Eli 4 0/pause 5/positionOffset Nova.Eli 4 0/pause 5/positionOffset Nova.Eli 4 0/pause 5/showFrame Nova.Eli 106/positionOffset Nova.Eli 4 0/pause 5/positionOffset Nova.Eli 4 0/pause 5/positionOffset Nova.Eli 4 0/pause 5/positionOffset Nova.Eli 4 0/pause 5/showFrame Nova.Eli 107/advancedMove farmer false 0 -1 1 10/positionOffset Nova.Eli 4 0/pause 5/positionOffset Nova.Eli 4 0/pause 5/shake Nova.Eli 2200 true/positionOffset Nova.Eli 4 0/pause 5/positionOffset Nova.Eli 4 0/pause 5/showFrame Nova.Eli 108/positionOffset Nova.Eli 4 0/pause 5/positionOffset Nova.Eli 4 0/pause 5/positionOffset Nova.Eli 4 0/pause 5/positionOffset Nova.Eli 4 0/pause 5/showFrame Nova.Eli 109/animate Nova.Eli false false 50 38 39 39 40 41 41 44 45 46 47 51 29 29 29 29 29 29 29/pause 900/playSound throw/warp Nova.Eli 999 999/pause 150/stopAnimation Nova.Eli/showFrame Nova.Eli 29 true/pause 50/emote farmer 28 true/animate Nova.Eli false false 50 46 45 44 41 41 40 39 39 38 114/warp Nova.Eli 15 7 true/pause 500/playSound throw/faceDirection Nova.Dylan 1 true/stopAnimation Nova.Eli/showFrame Nova.Eli 114/positionOffset Nova.Eli 0 -4/pause 5/positionOffset Nova.Eli 0 -4/pause 5/positionOffset Nova.Eli 0 -4/pause 5/positionOffset Nova.Eli 0 -4/pause 5/showFrame Nova.Eli 113/positionOffset Nova.Eli 0 -4/pause 5/positionOffset Nova.Eli 0 -4/pause 5/positionOffset Nova.Eli 0 -4/pause 5/positionOffset Nova.Eli 0 -4/pause 5/showFrame Nova.Eli 112/positionOffset Nova.Eli 0 -4/pause 5/positionOffset Nova.Eli 0 -4/pause 5/positionOffset Nova.Eli 0 -4/pause 5/positionOffset Nova.Eli 0 -4/pause 5/showFrame Nova.Eli 111/positionOffset Nova.Eli 0 -4/pause 5/positionOffset Nova.Eli 0 -4/pause 5/positionOffset Nova.Eli 0 -4/pause 5/positionOffset Nova.Eli 0 -4/pause 5/showFrame Nova.Eli 110/pause 20/showFrame Nova.Eli 8/warp Nova.Eli 15 6/pause 250/textAboveHead Nova.Dylan \"{{i18n:Events.EliPrototype.NovaDylan.1}}\"/faceDirection Nova.Eli 3/pause 2000/speak Nova.Dylan \"{{i18n:Events.EliPrototype.NovaDylan.2}}\"/advancedMove farmer false 0 2 -2 0 4 10/emote Nova.Eli 60 true/pause 500/speak Nova.Eli \"{{i18n:Events.EliPrototype.NovaEli.6}}\"/emote farmer 20 true/faceDirection Soot 2/playSound dustMeep/speak Nova.Dylan \"{{i18n:Events.EliPrototype.NovaDylan.3}}\"/speak Nova.Eli \"{{i18n:Events.EliPrototype.NovaEli.7}}\"/speak Nova.Dylan \"{{i18n:Events.EliPrototype.NovaDylan.4}}\"/emote farmer 32 true/advancedMove Nova.Dylan false 2 0 0 -1 4 10/textAboveHead Nova.Eli \"{{i18n:Events.EliPrototype.NovaEli.8}}\"/pause 1000/faceDirection Nova.Eli 0/pause 500/shake Nova.Dylan 150/pause 1000/textAboveHead Nova.Dylan \"{{i18n:Events.EliPrototype.NovaDylan.5}}\"/pause 1000/faceDirection Nova.Dylan 1/advancedMove Nova.Eli false 0 -1 3 10/speak Nova.Dylan \"{{i18n:Events.EliPrototype.NovaDylan.6}}\"/playSound discoverMineral/speak Nova.Eli \"{{i18n:Events.EliPrototype.NovaEli.9}}\"/emote Nova.Dylan 32/speak Nova.Eli \"{{i18n:Events.EliPrototype.NovaEli.10}}\"/speak Nova.Dylan \"{{i18n:Events.EliPrototype.NovaDylan.7}}\"/faceDirection Nova.Eli 2/animate Nova.Eli false false 50 32 33 34 35 35 36 36 37 37 38 39 39 40 41 41 44 45 46 47 51 29 29 29 29 29 29 29/pause 1400/playSound throw/textAboveHead Nova.Dylan \"{{i18n:Events.EliPrototype.NovaDylan.8}}\" true/advancedMove Nova.Dylan false -2 0 0 1 3 10/warp Nova.Eli 999 999/pause 150/stopAnimation Nova.Eli/pause 50/pause 100/animate Nova.Eli false false 50 46 45 44 41 41 40 39 39 38 37 37 36 36 35 35 34 33 32 32 32 32 32/shake Nova.Eli 1200 true/warp Nova.Eli 6 5 true/pause 400/playSound throw/pause 700/stopAnimation Nova.Eli/showFrame Nova.Eli 0/faceDirection farmer 1/advancedMove Nova.Eli false 0 1 3 10/emote farmer 16/advancedMove farmer false 2 0 0 -2 1 10/pause 1000/faceDirection Soot 0/speak Nova.Eli \"{{i18n:Events.EliPrototype.NovaEli.11}}\"/playSound coin/warp MushroomTotem 5 6/quickQuestion {{i18n:Events.EliPrototype.Question.1}}(break)emote Nova.Eli 20 true\\speak Nova.Eli \"{{i18n:Events.EliPrototype.Question.1.Response.1}}\"\\emote farmer 20(break)emote Nova.Eli 60 true\\speak Nova.Eli \"{{i18n:Events.EliPrototype.Question.1.Response.2}}\"\\emote farmer 32(break)emote Nova.Eli 28 true\\speak Nova.Eli \"{{i18n:Events.EliPrototype.Question.1.Response.3}}\"\\emote farmer 28\\speak Nova.Eli \"{{i18n:Events.EliPrototype.Question.1.Response.3.2}}\"/speak Nova.Eli \"{{i18n:Events.EliPrototype.NovaEli.12}}\"/pause 1000/totemWarpEffect 5 6 34,181,174 Characters\\MushroomTotem 0,0,16,16/pause 2000/warp farmer 999 999/warp Nova.Eli 999 999/warp MushroomTotem 999 999/pause 1000/viewport -1000 -1000/changeLocation TenebrousNova.EliDylan.CP_OldWoods/warp farmer 28 40/warp Nova.Eli 30 40/viewport 29 40/playMusic woodsTheme/pause 2000/jump Nova.Eli/speak Nova.Eli \"{{i18n:Events.EliPrototype.NovaEli.13}}\"/emote farmer 40 true/faceDirection Nova.Eli 2/pause 500/showFrame Nova.Eli 66/pause 500/showFrame Nova.Eli 67/pause 500/showFrame Nova.Eli 86/pause 500/showFrame Nova.Eli 87/speak Nova.Eli \"{{i18n:Events.EliPrototype.NovaEli.14}}\"/quickQuestion {{i18n:Events.EliPrototype.Question.2}}(break)showFrame Nova.Eli 0\\faceDirection Nova.Eli 3\\emote Nova.Eli 32 true\\speak Nova.Eli \"{{i18n:Events.EliPrototype.Question.2.Response.1}}\"(break)showFrame Nova.Eli 2\\faceDirection Nova.Eli 3\\emote Nova.Eli 28 true\\speak Nova.Eli \"{{i18n:Events.EliPrototype.Question.2.Response.2}}\"(break)showFrame Nova.Eli 0\\faceDirection Nova.Eli 3\\showFrame Nova.Eli 96\\emote Nova.Eli 12 true\\speak Nova.Eli \"{{i18n:Events.EliPrototype.Question.2.Response.3}}\"\\emote farmer 28 true\\pause 500\\showFrame Nova.Eli 12\\speak Nova.Eli \"{{i18n:Events.EliPrototype.Question.2.Response.3.2}}\"/faceDirection Nova.Eli 0/pause 100/faceDirection farmer 0/speak Nova.Eli \"{{i18n:Events.EliPrototype.NovaEli.15}}\"/advancedMove Nova.Eli false 0 -4 2 0 2 500 1 500 0 -4 3 10/pause 250/advancedMove farmer false -2 0 0 -3 3 500 1 500 0 -5 1 10/viewport move 0 -1 6000/pause 6000/speak Nova.Eli \"{{i18n:Events.EliPrototype.NovaEli.16}}\"/quickQuestion {{i18n:Events.EliPrototype.Question.3}}(break)emote Nova.Eli 32 true\\speak Nova.Eli \"{{i18n:Events.EliPrototype.Question.3.Response.1}}\"(break)emote Nova.Eli 56 true\\speak Nova.Eli \"{{i18n:Events.EliPrototype.Question.3.Response.2}}\"(break)emote Nova.Eli 16 true\\speak Nova.Eli \"{{i18n:Events.EliPrototype.Question.3.Response.3}}\"/pause 500/advancedMove Nova.Eli false 0 -4 -2 0 3 10/pause 100/advancedMove farmer false 0 -2 2 0 0 -2 1 10/viewport move 0 -1 6000/pause 7000/warp JunimoFriendPurple 28 22/temporarySprite 28 22 5 8 50 false 1/animate JunimoFriendPurple true true 70 28 29 30 31/playMusic communityCenter/playSound coin/pause 1000/temporarySprite 28 22 6 8 30 false 1/warp JunimoFriendPurple 29 30/stopAnimation JunimoFriendPurple/animate JunimoFriendPurple true true 70 32 33 34 35 36 37 38 39 40 41 42 43/temporarySprite 29 30 5 8 50 false 1/playSound dwop/pause 250/playSound junimoMeep1/textAboveHead JunimoFriendPurple \"{{i18n:Events.EliPrototype.PurpleJunimo.1}}\"/faceDirection Nova.Eli 2 true/faceDirection farmer 2 true/emote farmer 16 true/emote Nova.Eli 16/speak Nova.Eli \"{{i18n:Events.EliPrototype.NovaEli.17}}\"/jump JunimoFriendPurple/playSound junimoMeep1/speak JunimoFriendPurple \"{{i18n:Events.EliPrototype.PurpleJunimo.2}}\"/pause 500/faceDirection farmer 1/showFrame Nova.Eli 66/emote farmer 40/speak Nova.Eli \"{{i18n:Events.EliPrototype.NovaEli.18}}\"/pause 250/globalFade/viewport -1000 -1000/playSound leafrustle/pause 500/playSound leafrustle/speak Nova.Eli \"{{i18n:Events.EliPrototype.NovaEli.19}}\"/playSound junimoMeep1/pause 1000/speak Nova.Eli \"{{i18n:Events.EliPrototype.NovaEli.20}}\"/end"
		}
	},

	//Eli 6 Hearts Part 2

	{
		"LogName": "Eli 6 Hearts Part 2",
		"Action": "EditData",
		"Target": "Data/Events/Farm",
		"Entries": {
			"EnD.Eli.08/t 0600 1100/A EliOldWoods/e EnD.Eli.07":
			"continue/64 15/farmer 64 16 2 Nova.Eli 64 18 0/addSpecialOrder Eli.SpecialOrders.FairyRingOffering/skippable/ignoreCollisions farmer/pause 1500/speak Nova.Eli \"{{i18n:Events.EliRequest.NovaEli.1}}\"/emote farmer 32/speak Nova.Eli \"{{i18n:Events.EliRequest.NovaEli.2}}\"/emote farmer 8/quickQuestion {{i18n:Events.EliRequest.Question.1}}(break)emote Nova.Eli 32 true\\speak Nova.Eli \"{{i18n:Events.EliRequest.Question.1.Response.1}}\"(break)emote Nova.Eli 60 true\\speak Nova.Eli \"{{i18n:Events.EliRequest.Question.1.Response.2}}\"(break)emote Nova.Eli 56 true\\speak Nova.Eli \"{{i18n:Events.EliRequest.Question.1.Response.3}}\"/pause 500/speak Nova.Eli \"{{i18n:Events.EliRequest.NovaEli.3}}\"/faceDirection Nova.Eli 2/pause 500/showFrame Nova.Eli 66/speak Nova.Eli \"{{i18n:Events.EliRequest.NovaEli.4}}\"/globalFade/viewport -1000 -1000/pause 500/playSound achievement/message \"{{i18n:Events.EliRequest.Message.1}}\"/end"
		}
	},

	//Eli 6 Hearts Part 3

	/*TAS PARTICLE EFFECTS

	Spiral: temporaryAnimatedSprite EliDylan\\Particles 0 0 16 16 5000 1 1 X Y false false 1 0.00333 1 0 0.01 0.05 motion 0 -1.6 acceleration 0 0.01

	Star: temporaryAnimatedSprite EliDylan\\Particles 16 0 16 16 5000 1 1 X Y false false 1 0.00333 1 0 0.01 0.05 motion 0 -1.6 acceleration 0 0.01

	Plants: temporaryAnimatedSprite EliDylan\\Plants 0 0 16 16 1000 17 1 X Y false false 1 0 1 0 0 0

	temporaryAnimatedSprite texture rect_x rect_y rect_width rect_height animation_interval animation_length number_of_loops tile_x tile_y flicker flipped layer_depth alpha_fade scale scale_change rotation rotation_change
	*/

	{
		"LogName": "Eli 6 Hearts Part 3",
		"Action": "EditData",
		"Target": "Data/Events/EastScarp_DeepMountains",
		"Entries": {
			"EnD.Eli.09/t 0600 1500/w sunny/n FairyRingMail":
			"continue/21 31/farmer 21 40 0 Nova.Eli 21 27 2/addConversationTopic JunimoKingIntro 3/skippable/ignoreCollisions farmer/positionOffset Nova.Eli 0 -8/animate Nova.Eli false true 100 16 16 16 16 16 16 16 16 16 16 16 16 16 16 16 16 16 16 16 16 16 16 16 16 140 140 140 140 140 140 140 140/addTemporaryActor JunimoFriendPurple 16 16 999 999 2 false/setActorScale JunimoFriendPurple 0.8 0.8/addTemporaryActor JunimoFriendRed 16 16 999 999 0 false/setActorScale JunimoFriendRed 0.8 0.8/addTemporaryActor JunimoFriendGreen 16 16 999 999 2 false/setActorScale JunimoFriendGreen 0.8 0.8/addTemporaryActor JunimoFriendOrange 16 16 999 999 2 false/setActorScale JunimoFriendOrange 0.8 0.8/addTemporaryActor JunimoFriendPink 16 16 999 999 2 false/setActorScale JunimoFriendPink 0.8 0.8/addTemporaryActor JunimoFriendWhite 16 16 999 999 2 false/setActorScale JunimoFriendWhite 0.8 0.8/addTemporaryActor JunimoFriendBlue 16 16 999 999 2 false/setActorScale JunimoFriendBlue 0.8 0.8/addTemporaryActor JunimoFriendBlack 16 16 999 999 2 false/setActorScale JunimoFriendBlack 0.8 0.8/addTemporaryActor JunimoFriendBrown 16 16 999 999 2 false/setActorScale JunimoFriendBrown 0.8 0.8/addTemporaryActor JunimoFriendYellow 16 16 999 999 2 false/setActorScale JunimoFriendYellow 0.8 0.8/addTemporaryActor JunimoKing 32 32 999 999 2 false/addTemporaryActor OfferingBox 16 32 999 999 2 false/changeName JunimoKing ???/advancedMove farmer false 0 -8 4 10/pause 4000/speak Nova.Eli \"{{i18n:Events.EliJK.NovaEli.1}}\"/quickQuestion {{i18n:Events.EliJK.Question.1}}(break)emote Nova.Eli 32 true\\speak Nova.Eli \"{{i18n:Events.EliJK.Question.1.Response.1}}\"(break)emote Nova.Eli 60 true\\speak Nova.Eli \"{{i18n:Events.EliJK.Question.1.Response.2}}\"(break)emote Nova.Eli 28 true\\speak Nova.Eli \"{{i18n:Events.EliJK.Question.1.Response.3}}\"/emote farmer 56/stopAnimation Nova.Eli/shake Nova.Eli 500/playSound dwop/warp Nova.Eli 21 26/showFrame Nova.Eli 0/speak Nova.Eli \"{{i18n:Events.EliJK.NovaEli.2}}\"/globalFade/viewport -1000 -1000/pause 1000/changeLocation TenebrousNova.EliDylan.CP_OldWoods/warp farmer 28 40/warp Nova.Eli 30 40/faceDirection Nova.Eli 2/advancedMove farmer false 0 -3 4 10/advancedMove Nova.Eli false 0 -3 4 10/viewport 29 40/viewport move 0 -1 4000/playMusic woodsTheme/pause 500/speak Nova.Eli \"{{i18n:Events.EliJK.NovaEli.3}}\"/pause 1000/textAboveHead Nova.Eli \"{{i18n:Events.EliJK.NovaEli.4|PName={{PlayerName}}}}\"/pause 500/faceDirection farmer 1/faceDirection Nova.Eli 3/pause 1000/emote farmer 8/shake Nova.Eli 500/speak Nova.Eli \"{{i18n:Events.EliJK.NovaEli.5}}\"/quickQuestion {{i18n:Events.EliJK.Question.2}}(break)emote Nova.Eli 28 true\\speak Nova.Eli \"{{i18n:Events.EliJK.Question.2.Response.1}}\"(break)emote Nova.Eli 16 true\\speak Nova.Eli \"{{i18n:Events.EliJK.Question.2.Response.2}}\"/pause 250/warp JunimoFriendPurple 29 33/temporarySprite 29 33 5 8 50 false 1/animate JunimoFriendPurple false true 80 0 1 2 3 4 5 6 7/playSound coin/pause 250/playSound junimoMeep1/textAboveHead JunimoFriendPurple \"{{i18n:Events.EliJK.PurpleJunimo.1}}\"/pause 250/emote Nova.Eli 16 true/emote farmer 16 true/jump farmer/jump Nova.Eli/faceDirection Nova.Eli 0/faceDirection farmer 0/pause 500/warp JunimoFriendRed 35 37/temporarySprite 35 37 5 8 50 false 1/animate JunimoFriendRed true true 80 16 17 18 19 20 21 22 23 24 25 26 27/playSound coin/jump JunimoFriendRed/pause 500/playSound junimoMeep1/showFrame Nova.Eli 87/textAboveHead JunimoFriendRed \"{{i18n:Events.EliJK.RedJunimo.1}}\"/faceDirection farmer 2/jump farmer 8 true/showFrame farmer 94/startJittering/pause 250/warp JunimoFriendGreen 31 40/temporarySprite 31 40 5 8 50 false 1/animate JunimoFriendGreen false true 80 32 33 34 35 36 37 38 39 40 41 42 43/playSound coin/pause 500/playSound junimoMeep1/textAboveHead JunimoFriendGreen \"{{i18n:Events.EliJK.GreenJunimo.1}}\"/pause 100/warp JunimoFriendOrange 25 36/temporarySprite 25 36 5 8 50 false 1/animate JunimoFriendOrange false true 80 16 17 18 19 20 21/playSound coin/pause 250/playSound junimoMeep1/textAboveHead JunimoFriendOrange \"{{i18n:Events.EliJK.OrangeJunimo.1}}\"/pause 50/warp JunimoFriendPink 32 34/temporarySprite 32 34 5 8 50 false 1/animate JunimoFriendPink false true 80 28 29 30 31/playSound coin/pause 250/playSound junimoMeep1/textAboveHead JunimoFriendPink \"{{i18n:Events.EliJK.PinkJunimo.1}}\"/pause 250/showFrame Nova.Eli 86/warp JunimoFriendWhite 28 39/temporarySprite 28 39 5 8 50 false 1/animate JunimoFriendWhite false true 80 32 33 34 35 36 37 38 39 40 41 42 43/playSound coin/jump JunimoFriendWhite/pause 500/playSound junimoMeep1/textAboveHead JunimoFriendWhite \"{{i18n:Events.EliJK.WhiteJunimo.1}}\"/pause 50/warp JunimoFriendBlue 26 34/temporarySprite 26 34 5 8 50 false 1/animate JunimoFriendBlue false true 80 0 1 2 3 4 5 6 7/playSound coin/pause 250/playSound junimoMeep1/textAboveHead JunimoFriendBlue \"{{i18n:Events.EliJK.BlueJunimo.1}}\"/pause 250/warp JunimoFriendBlack 34 38/temporarySprite 34 38 5 8 50 false 1/animate JunimoFriendBlack true true 80 16 17 18 19 20 21 22 23 24 25 26 27/playSound coin/jump JunimoFriendBlack/pause 500/playSound junimoMeep1/textAboveHead JunimoFriendBlack \"{{i18n:Events.EliJK.BlackJunimo.1}}\"/pause 250/warp JunimoFriendBrown 24 38/temporarySprite 24 38 5 8 50 false 1/animate JunimoFriendBrown false true 80 16 17 18 19 20 21/playSound coin/pause 250/jump JunimoFriendBrown/playSound junimoMeep1/textAboveHead JunimoFriendBrown \"{{i18n:Events.EliJK.BrownJunimo.1}}\"/pause 100/warp JunimoFriendYellow 33 35/temporarySprite 33 35 5 8 50 false 1/animate JunimoFriendYellow false true 80 0 1 2 3 4 5 6 7/playSound coin/pause 250/playSound junimoMeep1/textAboveHead JunimoFriendYellow \"{{i18n:Events.EliJK.YellowJunimo.1}}\"/pause 1000/stopJittering/showFrame farmer 0/faceDirection farmer 1/quickQuestion {{i18n:Events.EliJK.Question.3}}(break)showFrame Nova.Eli 87/speak Nova.Eli \"{{i18n:Events.EliJK.Question.3.Response.1}}\"/showFrame Nova.Eli 0/faceDirection Nova.Eli 3/speak Nova.Eli \"{{i18n:Events.EliJK.NovaEli.6}}\"/pause 600/jump JunimoFriendBrown/pause 250/playSound junimoMeep1/textAboveHead JunimoFriendBrown \"{{i18n:Events.EliJK.BrownJunimo.2}}\"/pause 100/jump JunimoFriendBlue/playSound junimoMeep1/textAboveHead JunimoFriendBlue \"{{i18n:Events.EliJK.BlueJunimo.2}}\"/pause 400/jump JunimoFriendBlack/playSound junimoMeep1/textAboveHead JunimoFriendBlack \"{{i18n:Events.EliJK.BlackJunimo.2}}\"/pause 2000/warp JunimoFriendBlack 30 23/temporarySprite 34 38 6 8 30 false 1/temporarySprite 30 23 5 8 50 false 1/stopAnimation JunimoFriendBlack/animate JunimoFriendBlack false true 120 44 45 46 47/playSound dwop/pause 300/warp JunimoFriendBlue 26 22/temporarySprite 26 34 6 8 30 false 1/temporarySprite 26 22 5 8 50 false 1/stopAnimation JunimoFriendBlue/animate JunimoFriendBlue false true 120 12 13 14 15/playSound dwop/pause 250/warp JunimoFriendBrown 29 20/temporarySprite 24 38 6 8 30 false 1/temporarySprite 29 20 5 8 50 false 1/stopAnimation JunimoFriendBrown/animate JunimoFriendBrown false true 120 44 45 46 47/playSound dwop/pause 350/warp JunimoFriendGreen 28 23/temporarySprite 31 40 6 8 30 false 1/temporarySprite 28 23 5 8 50 false 1/stopAnimation JunimoFriendGreen/animate JunimoFriendGreen false true 120 12 13 14 15/playSound dwop/pause 250/warp JunimoFriendOrange 26 21/temporarySprite 25 36 6 8 30 false 1/temporarySprite 26 21 5 8 50 false 1/stopAnimation JunimoFriendOrange/animate JunimoFriendOrange false true 120 44 45 46 47/playSound dwop/pause 150/warp JunimoFriendPink 30 21/temporarySprite 32 34 6 8 30 false 1/temporarySprite 30 21 5 8 50 false 1/stopAnimation JunimoFriendPink/animate JunimoFriendPink false true 120 12 13 14 15/playSound dwop/pause 300/warp JunimoFriendRed 27 22/temporarySprite 35 37 6 8 30 false 1/temporarySprite 27 22 5 8 50 false 1/stopAnimation JunimoFriendRed/animate JunimoFriendRed false true 120 44 45 46 47/playSound dwop/pause 150/warp JunimoFriendWhite 27 21/temporarySprite 28 39 6 8 30 false 1/temporarySprite 27 21 5 8 50 false 1/stopAnimation JunimoFriendWhite/animate JunimoFriendWhite false true 120 12 13 14 15/playSound dwop/pause 250/warp JunimoFriendYellow 30 22/temporarySprite 33 35 6 8 30 false 1/temporarySprite 30 22 5 8 50 false 1/stopAnimation JunimoFriendYellow/animate JunimoFriendYellow false true 120 44 45 46 47/playSound dwop/faceDirection farmer 0 true/faceDirection Nova.Eli 0/pause 1000/warp JunimoFriendPurple 29 22/temporarySprite 29 33 6 8 30 false 1/temporarySprite 29 22 5 8 50 false 1/stopAnimation JunimoFriendPurple/animate JunimoFriendPurple false true 120 12 13 14 15/playSound dwop/pause 1000/advancedMove Nova.Eli false -1 0 0 -1 4 10/pause 1000/warp OfferingBox 29 34/playSound coin/advancedMove farmer false 0 -1 4 10/emote Nova.Eli 40/speak Nova.Eli \"{{i18n:Events.EliJK.NovaEli.7}}\"/speed farmer 4/speed Nova.Eli 4/advancedMove Nova.Eli false 3 0 0 -6 -2 0 0 -1 4 10/advancedMove farmer false -2 0 0 -6 3 0 0 -1 4 10/viewport move 0 -2 5500/pause 3500/playSound junimoMeep1/pause 500/temporaryAnimatedSprite EliDylan\\Particles 0 0 16 16 5000 1 1 27 24 false false 1 0.00333 1 0 0.01 0.05 motion 0 -1.6 acceleration 0 0.01/pause 500/temporaryAnimatedSprite EliDylan\\Particles 16 0 16 16 5000 1 1 31 23 false false 1 0.00333 1 0 0.01 0.05 motion 0 -1.6 acceleration 0 0.01/pause 600/playSound junimoMeep1/temporaryAnimatedSprite EliDylan\\Particles 0 0 16 16 5000 1 1 24 22 false false 1 0.00333 1 0 0.01 0.05 motion 0 -1.6 acceleration 0 0.01/pause 250/temporaryAnimatedSprite EliDylan\\Particles 16 0 16 16 5000 1 1 29 24 false false 1 0.00333 1 0 0.01 0.05 motion 0 -1.6 acceleration 0 0.01/pause 500/playSound junimoMeep1/temporaryAnimatedSprite EliDylan\\Particles 0 0 16 16 5000 1 1 28 22 false false 1 0.00333 1 0 0.01 0.05 motion 0 -1.6 acceleration 0 0.01/pause 500/temporaryAnimatedSprite EliDylan\\Particles 16 0 16 16 5000 1 1 29 23 false false 1 0.00333 1 0 0.01 0.05 motion 0 -1.6 acceleration 0 0.01/pause 300/temporaryAnimatedSprite EliDylan\\Particles 0 0 16 16 5000 1 1 26 21 false false 1 0.00333 1 0 0.01 0.05 motion 0 -1.6 acceleration 0 0.01/pause 500/playSound junimoMeep1/temporaryAnimatedSprite EliDylan\\Particles 16 0 16 16 5000 1 1 29 22 false false 1 0.00333 1 0 0.01 0.05 motion 0 -1.6 acceleration 0 0.01/textAboveHead Nova.Eli \"{{i18n:Events.EliJK.NovaEli.8}}\"/pause 500/temporaryAnimatedSprite EliDylan\\Particles 0 0 16 16 5000 1 1 28 25 false false 1 0.00333 1 0 0.01 0.05 motion 0 -1.6 acceleration 0 0.01/pause 500/temporaryAnimatedSprite EliDylan\\Particles 16 0 16 16 5000 1 1 25 21 false false 1 0.00333 1 0 0.01 0.05 motion 0 -1.6 acceleration 0 0.01/pause 500/temporaryAnimatedSprite EliDylan\\Particles 0 0 16 16 5000 1 1 28 20 false false 1 0.00333 1 0 0.01 0.05 motion 0 -1.6 acceleration 0 0.01/pause 500/temporaryAnimatedSprite EliDylan\\Particles 16 0 16 16 5000 1 1 30 25 false false 1 0.00333 1 0 0.01 0.05 motion 0 -1.6 acceleration 0 0.01/pause 500/playSound junimoMeep1/playSound thunder/pause 1000/screenFlash 1/stopAnimation JunimoFriendPurple/animate JunimoFriendPurple false true 120 48 49 50 51/cycleActorColors JunimoFriendPurple 10 255,0,0 0,255,0 0,0,255/pause 250/stopAnimation JunimoFriendBlack/animate JunimoFriendBlack false true 120 64 65 66 67/cycleActorColors JunimoFriendBlack 10 0,255,0 0,0,255 255,0,0/pause 250/stopAnimation JunimoFriendBlue/animate JunimoFriendBlue false true 120 48 49 50 51/cycleActorColors JunimoFriendBlue 10 0,0,255 255,0,0 0,255,0/pause 250/stopAnimation JunimoFriendBrown/animate JunimoFriendBrown false true 120 64 65 66 67/cycleActorColors JunimoFriendBrown 10 255,127,0 0,255,127 127,0,255/pause 250/stopAnimation JunimoFriendGreen/animate JunimoFriendGreen false true 120 48 49 50 51/cycleActorColors JunimoFriendGreen 10 0,255,127 127,0,255 255,127,0/pause 250/stopAnimation JunimoFriendOrange/animate JunimoFriendOrange false true 120 64 65 66 67/cycleActorColors JunimoFriendOrange 10 127,0,255 255,127,0 0,255,127/pause 250/stopAnimation JunimoFriendPink/animate JunimoFriendPink false true 120 48 49 50 51/cycleActorColors JunimoFriendPink 10 255,255,0 0,255,255 255,0,255/pause 250/stopAnimation JunimoFriendRed/animate JunimoFriendRed false true 120 64 65 66 67/cycleActorColors JunimoFriendRed 10 0,255,255 255,0,255 255,255,0/pause 250/stopAnimation JunimoFriendWhite/animate JunimoFriendWhite false true 120 48 49 50 51/cycleActorColors JunimoFriendWhite 10 255,0,255 255,255,0 0,255,255/pause 250/stopAnimation JunimoFriendYellow/animate JunimoFriendYellow false true 120 64 65 66 67/cycleActorColors JunimoFriendYellow 10 255,0,0 0,255,0 0,0,255/playSound junimoMeep1/pause 500/temporaryAnimatedSprite EliDylan\\Particles 0 0 16 16 5000 1 1 27 24 false false 1 0.00333 1 0 0.01 0.05 motion 0 -1.6 acceleration 0 0.01/pause 500/temporaryAnimatedSprite EliDylan\\Particles 16 0 16 16 5000 1 1 31 23 false false 1 0.00333 1 0 0.01 0.05 motion 0 -1.6 acceleration 0 0.01/pause 600/playSound junimoMeep1/temporaryAnimatedSprite EliDylan\\Particles 0 0 16 16 5000 1 1 24 22 false false 1 0.00333 1 0 0.01 0.05 motion 0 -1.6 acceleration 0 0.01/pause 250/temporaryAnimatedSprite EliDylan\\Particles 16 0 16 16 5000 1 1 29 24 false false 1 0.00333 1 0 0.01 0.05 motion 0 -1.6 acceleration 0 0.01/pause 500/playSound junimoMeep1/temporaryAnimatedSprite EliDylan\\Particles 0 0 16 16 5000 1 1 28 22 false false 1 0.00333 1 0 0.01 0.05 motion 0 -1.6 acceleration 0 0.01/pause 500/temporaryAnimatedSprite EliDylan\\Particles 16 0 16 16 5000 1 1 29 23 false false 1 0.00333 1 0 0.01 0.05 motion 0 -1.6 acceleration 0 0.01/pause 300/temporaryAnimatedSprite EliDylan\\Particles 0 0 16 16 5000 1 1 26 21 false false 1 0.00333 1 0 0.01 0.05 motion 0 -1.6 acceleration 0 0.01/pause 500/playSound junimoMeep1/temporaryAnimatedSprite EliDylan\\Particles 16 0 16 16 5000 1 1 29 22 false false 1 0.00333 1 0 0.01 0.05 motion 0 -1.6 acceleration 0 0.01/pause 500/temporaryAnimatedSprite EliDylan\\Particles 0 0 16 16 5000 1 1 28 25 false false 1 0.00333 1 0 0.01 0.05 motion 0 -1.6 acceleration 0 0.01/pause 500/temporaryAnimatedSprite EliDylan\\Particles 16 0 16 16 5000 1 1 25 21 false false 1 0.00333 1 0 0.01 0.05 motion 0 -1.6 acceleration 0 0.01/pause 500/temporaryAnimatedSprite EliDylan\\Particles 0 0 16 16 5000 1 1 28 20 false false 1 0.00333 1 0 0.01 0.05 motion 0 -1.6 acceleration 0 0.01/pause 500/temporaryAnimatedSprite EliDylan\\Particles 16 0 16 16 5000 1 1 30 25 false false 1 0.00333 1 0 0.01 0.05 motion 0 -1.6 acceleration 0 0.01/pause 500/playSound junimoMeep1/playSound thunder/pause 1000/screenFlash 1/warp JunimoFriendBlack 999 999 true/warp JunimoFriendBlue 999 999 true/warp JunimoFriendBrown 999 999 true/warp JunimoFriendGreen 999 999 true/warp JunimoFriendOrange 999 999 true/warp JunimoFriendPink 999 999 true/warp JunimoFriendPurple 999 999 true/warp JunimoFriendRed 999 999 true/warp JunimoFriendWhite 999 999 true/warp JunimoFriendYellow 999 999 true/warp JunimoKing 28 22/textAboveHead Nova.Eli \"{{i18n:Events.EliJK.NovaEli.9}}\"/stopMusic/cycleActorColors JunimoKing 10 255,0,0 255,127,0, 255,255,0 127,255,0 0,255,0 0,255,127 0,255,255 0,127,255 0,0,255 127,0,255 255,0,255 255,0,127/showFrame JunimoKing 25/pause 1500/showFrame JunimoKing 29/pause 1500/showFrame JunimoKing 21/advancedMove farmer false 0 2 4 10/pause 1500/showFrame JunimoKing 0/pause 1500/cycleActorColors JunimoKing null/pause 500/showFrame JunimoKing 2/pause 250/showFrame JunimoKing 36/speak JunimoKing \"{{i18n:Events.EliJK.Sentinel.1}}\"/emote farmer 28 true/emote Nova.Eli 28/speak Nova.Eli \"{{i18n:Events.EliJK.NovaEli.10}}\"/animate JunimoKing false false 30 41 42 43 44 45 46 47 48 49 50 51 52 53 54 55 56 57 58 59 60 61 62 63 64 65 66 67 68 69 70 71 72 73/pause 450/playSound cast/pause 490/warp JunimoKing 999 999/stopAnimation JunimoKing/showFrame JunimoKing 73/viewport move 0 3 2500/pause 2500/animate JunimoKing false false 30 41 42 43 44 45 46 47 48 49 50 51 52 53 54 55 56 57 58 59 60 61 62 63 64 65 66 67 68 69 70 71 72 73/warp JunimoKing 28 30/pause 500/playSound cast/pause 490/stopAnimation JunimoKing/showFrame JunimoKing 36/pause 100/textAboveHead JunimoKing \"{{i18n:Events.EliJK.Sentinel.2}}\"/temporaryAnimatedSprite EliDylan\\Plants 0 16 16 16 1000 17 1 27 30 false false 1 0 1 0 0 0/pause 10/temporaryAnimatedSprite EliDylan\\Plants 0 0 16 16 1000 17 1 25 29 false false 1 0 1 0 0 0/pause 10/temporaryAnimatedSprite EliDylan\\Plants 0 32 16 16 1000 17 1 25 33 false false 1 0 1 0 0 0/pause 10/temporaryAnimatedSprite EliDylan\\Plants 0 48 16 16 1000 17 1 31 29 false false 1 0 1 0 0 0/pause 10/temporaryAnimatedSprite EliDylan\\Plants 0 64 16 16 1000 17 1 32 31 false false 1 0 1 0 0 0/pause 10/temporaryAnimatedSprite EliDylan\\Plants 0 112 16 16 1000 17 1 33 33 false false 1 0 1 0 0 0/pause 10/temporaryAnimatedSprite EliDylan\\Plants 0 128 16 16 1000 17 1 33 29 false false 1 0 1 0 0 0/pause 10/temporaryAnimatedSprite EliDylan\\Plants 0 144 16 16 1000 17 1 22 32 false false 1 0 1 0 0 0/pause 10/temporaryAnimatedSprite EliDylan\\Plants 0 160 16 16 1000 17 1 27 28 false false 1 0 1 0 0 0/pause 10/temporaryAnimatedSprite EliDylan\\Plants 0 176 16 16 1000 17 1 34 31 false false 1 0 1 0 0 0/pause 10/temporaryAnimatedSprite EliDylan\\Plants 0 192 16 16 1000 17 1 23 30 false false 1 0 1 0 0 0/pause 10/temporaryAnimatedSprite EliDylan\\Plants 0 208 16 16 1000 17 1 26 32 false false 1 0 1 0 0 0/pause 10/temporaryAnimatedSprite EliDylan\\Plants 0 224 16 16 1000 17 1 32 28 false false 1 0 1 0 0 0/pause 10/temporaryAnimatedSprite EliDylan\\Plants 0 240 16 16 1000 17 1 25 31 false false 1 0 1 0 0 0/emote Nova.Eli 16 true/jump Nova.Eli/faceDirection Nova.Eli 2/showFrame Nova.Eli 86/jump farmer/positionOffset farmer 0 8/pause 5/positionOffset farmer 0 8/pause 5/positionOffset farmer 0 8/pause 5/positionOffset farmer 0 8/pause 5/positionOffset farmer 0 8/pause 5/positionOffset farmer 0 8/pause 5/positionOffset farmer 0 8/pause 5/positionOffset farmer 0 8/pause 5/positionOffset farmer 0 8/pause 250/showFrame JunimoKing 0/speak JunimoKing \"{{i18n:Events.EliJK.Sentinel.3}}\"/quickQuestion {{i18n:Events.EliJK.Question.4}}(break)emote JunimoKing 32 true\\speak JunimoKing \"{{i18n:Events.EliJK.Question.4.Response.1}}\"(break)emote JunimoKing 28 true\\speak JunimoKing \"{{i18n:Events.EliJK.Question.4.Response.2}}\"/showFrame JunimoKing 2/pause 250/showFrame Nova.Eli 56/showFrame JunimoKing 0/playMusic junimoStarSong/speak JunimoKing \"{{i18n:Events.EliJK.Sentinel.4}}\"/emote farmer 40/shake Nova.Eli 250/showFrame Nova.Eli 32/pause 1000/showFrame Nova.Eli 0/pause 250/faceDirection Nova.Eli 3/faceDirection JunimoKing 1/advancedMove farmer false 1 0 0 -1 3 10/speak Nova.Eli \"{{i18n:Events.EliJK.NovaEli.11}}\"/emote JunimoKing 40/speak JunimoKing \"{{i18n:Events.EliJK.Sentinel.5}}\"/pause 250/playSound healSound/pause 250/speak JunimoKing \"{{i18n:Events.EliJK.Sentinel.6}}\"/speak Nova.Eli \"{{i18n:Events.EliJK.NovaEli.12}}\"/faceDirection farmer 0/emote JunimoKing 20/speak JunimoKing \"{{i18n:Events.EliJK.Sentinel.7}}\"/speak Nova.Eli \"{{i18n:Events.EliJK.NovaEli.13}}\"/pause 500/speak JunimoKing \"{{i18n:Events.EliJK.Sentinel.8}}\"/jump Nova.Eli/speak Nova.Eli \"{{i18n:Events.EliJK.NovaEli.14}}\"/faceDirection farmer 3/speak JunimoKing \"{{i18n:Events.EliJK.Sentinel.9}}\"/speak Nova.Eli \"{{i18n:Events.EliJK.NovaEli.15}}\"/changeName JunimoKing Sentinel/speak JunimoKing \"{{i18n:Events.EliJK.Sentinel.10}}\"/advancedMove JunimoKing false -3 0 3 10/pause 2000/animate JunimoKing false false 30 41 42 43 44 45 46 47 48 49 50 51 52 53 54 55 56 57 58 59 60 61 62 63 64 65 66 67 68 69 70 71 72 73/pause 450/playSound cast/pause 490/warp JunimoKing 999 999/pause 500/globalFade/viewport -1000 -1000/pause 500/speak Nova.Eli \"{{i18n:Events.EliJK.NovaEli.16}}\"/pause 500/message \"{{i18n:Events.EliJK.Message.1}}\"/end"
		}
	},

	//Bonus Fun Events

	{
		"LogName": "Reluctant Monster Slayer",
		"Action": "EditData",
		"Target": "Data/Events/AdventureGuild",
		"Entries": {
			"EnD.EliBonus.01/t 1800 2400/w sunny/e EnD.Eli.02":
			"MarlonsTheme/9 13/farmer 999 999 2 Nova.Eli 999 999 0 {{MarlonSVE}} 4 11 2 Clint 6 18 0 Abigail 10 12 1/addConversationTopic EliGuild 3/skippable/playSound doorClose/advancedMove Clint false 0 -4 -2 0 0 -1 4 10/pause 500/textAboveHead {{MarlonSVE}} \"{{i18n:Events.EliGuild.Marlon.1}}\"/pause 750/faceDirection Abigail 2/pause 1000/faceDirection Abigail 1/speak Clint \"{{i18n:Events.EliGuild.Clint.1}}\"/speak {{MarlonSVE}} \"{{i18n:Events.EliGuild.Marlon.2}}\"/emote Clint 16/speak Clint \"{{i18n:Events.EliGuild.Clint.2}}\"/speak {{MarlonSVE}} \"{{i18n:Events.EliGuild.Marlon.3}}\"/pause 1000/playSound doorClose/warp Nova.Eli 6 18/speed Nova.Eli 3/advancedMove Nova.Eli false 0 -5 -1 0 4 10/textAboveHead Nova.Eli \"{{i18n:Events.EliGuild.NovaEli.1}}\"/textAboveHead {{MarlonSVE}} \"{{i18n:Events.EliGuild.Marlon.4}}\"/pause 500/faceDirection Clint 2/pause 250/faceDirection Abigail 2/pause 10/faceDirection Clint 1/faceDirection Abigail 3/speak Nova.Eli \"{{i18n:Events.EliGuild.NovaEli.2}}\"/emote {{MarlonSVE}} 40/speak {{MarlonSVE}} \"{{i18n:Events.EliGuild.Marlon.5}}\"/emote Nova.Eli 60/faceDirection Nova.Eli 3/textAboveHead Nova.Eli \"{{i18n:Events.EliGuild.NovaEli.3}}\"/pause 2000/speak Nova.Eli \"{{i18n:Events.EliGuild.NovaEli.4}}\"/playSound discoverMineral/emote Clint 32/speak Clint \"{{i18n:Events.EliGuild.Clint.3}}\"/emote Nova.Eli 32/speak {{MarlonSVE}} \"{{i18n:Events.EliGuild.Marlon.6}}\"/faceDirection Nova.Eli 0/emote Nova.Eli 28/speak Nova.Eli \"{{i18n:Events.EliGuild.NovaEli.5}}\"/textAboveHead {{MarlonSVE}} \"{{i18n:Events.EliGuild.Marlon.7}}\"/pause 500/speak {{MarlonSVE}} \"{{i18n:Events.EliGuild.Marlon.8}}\"/faceDirection Clint 0/emote Clint 28 true/speed Nova.Eli 2/advancedMove Nova.Eli false 4 0 0 -1 1 10/pause 500/textAboveHead Abigail \"{{i18n:Events.EliGuild.Abigail.1}}\"/advancedMove Clint false 1 0 4 10/pause 1500/speak Abigail \"{{i18n:Events.EliGuild.Abigail.2}}\"/speak Nova.Eli \"{{i18n:Events.EliGuild.NovaEli.6}}\"/shake Abigail 500/emote Abigail 12/speak Abigail \"{{i18n:Events.EliGuild.Abigail.3}}\"/emote {{MarlonSVE}} 40 true/emote Nova.Eli 16 true/speak Nova.Eli \"{{i18n:Events.EliGuild.NovaEli.7}}\"/emote Abigail 28/speak Abigail \"{{i18n:Events.EliGuild.Abigail.4}}\"/emote Clint 40 true/speak Nova.Eli \"{{i18n:Events.EliGuild.NovaEli.8}}\"/jump Abigail/speak Abigail \"{{i18n:Events.EliGuild.Abigail.5}}\"/emote Nova.Eli 32/speak {{MarlonSVE}} \"{{i18n:Events.EliGuild.Marlon.9}}\"/faceDirection Nova.Eli 3/speak Nova.Eli \"{{i18n:Events.EliGuild.NovaEli.9}}\"/advancedMove Nova.Eli false -2 0 3 10/globalFade/viewport -1000 -1000/end"
		}
	},

	{
		"LogName": "The Guest Room",
		"Action": "EditData",
		"Target": "Data/Events/{{ModID}}_ESEDHouse",
		"Entries": {
			"EnD.EliBonus.02/t 0900 1800/w sunny/e EnD.Eli.05":
			"continue/22 13/farmer 19 19 0 Nova.Eli 999 999 0/addConversationTopic EliGuestRoom 3/mail EliLetter3/skippable/ignoreCollisions farmer/advancedMove farmer false 0 -4 -1 0 3 10/pause 3000/playSound thunder/emote farmer 16 true/jump farmer/pause 500/pause 1000/playMusic rain/pause 250/message \"{{i18n:Events.EliGuestRoom.Message.1}}\"/pause 1000/playSound ghost/faceDirection farmer 1/startJittering/emote farmer 8/stopJittering/changeLocation TenebrousNova.EliDylan.CP_ESEDHouseDark/playMusic Upper_Ambient/pause 250/playSound dwop/faceDirection farmer 3/pause 300/playSound dwop/faceDirection farmer 1/pause 250/changeLocation TenebrousNova.EliDylan.CP_ESEDHouse/playMusic rain/startJittering/emote farmer 28/playSound thunder/changeLocation TenebrousNova.EliDylan.CP_ESEDHouseFull/stopMusic/playSound shadowDie/pause 1500/stopJittering/doAction 24 12/playSound doorOpen/pause 250/emote farmer 40/advancedMove farmer false 6 0 4 2000 0 -5 4 1000 0 -2 1 0 0 -2 4 10/pause 3500/emote farmer 16/viewport move 0 -1 7000/pause 6500/playSound throw/pause 500/animate Nova.Eli false false 50 46 45 44 41 41 40 39 39 38 114/warp Nova.Eli 25 8 true/pause 500/playSound throw/pause 250/speak Nova.Eli \"{{i18n:Events.EliGuestRoom.NovaEli.1}}\"/faceDirection farmer 2/emote farmer 16 true/jump farmer 8 true/showFrame farmer 94/startJittering/pause 1500/stopJittering/stopAnimation farmer/emote Nova.Eli 40/speak Nova.Eli \"{{i18n:Events.EliGuestRoom.NovaEli.2}}\"/quickQuestion #{{i18n:Events.EliGuestRoom.Question.1.Answer.1}}#{{i18n:Events.EliGuestRoom.Question.1.Answer.2}}(break)emote Nova.Eli 8 true\\speak Nova.Eli \"{{i18n:Events.EliGuestRoom.Question.1.Response.1}}\"(break)emote Nova.Eli 28 true\\speak Nova.Eli \"{{i18n:Events.EliGuestRoom.Question.1.Response.2}}\"/advancedMove farmer false 1 0 0 2 3 10/pause 1600/faceDirection Nova.Eli 1/speak Nova.Eli \"{{i18n:Events.EliGuestRoom.NovaEli.3}}\"/emote farmer 16/quickQuestion #{{i18n:Events.EliGuestRoom.Question.2.Answer.1}}#{{i18n:Events.EliGuestRoom.Question.2.Answer.2}}(break)emote Nova.Eli 60 true\\speak Nova.Eli \"{{i18n:Events.EliGuestRoom.Question.2.Response.1}}\"(break)emote Nova.Eli 36 true\\speak Nova.Eli \"{{i18n:Events.EliGuestRoom.Question.2.Response.2}}\"/pause 500/speak Nova.Eli \"{{i18n:Events.EliGuestRoom.NovaEli.4}}\"/pause 500/glow 204 0 255 true/pause 2500/playSound ghost/showFrame Nova.Eli 86/pause 500/emote farmer 16 true/showFrame Nova.Eli 87/pause 500/speak Nova.Eli \"{{i18n:Events.EliGuestRoom.NovaEli.5}}\"/showFrame Nova.Eli 0/jump farmer/pause 500/speed farmer 4/advancedMove farmer false 0 1 -2 0 0 6 4 10/pause 500/jump Nova.Eli/pause 500/speed Nova.Eli 4/advancedMove Nova.Eli false -1 0 0 6 2 10/viewport move 0 2 3000/pause 1000/globalFade/stopGlowing/viewport -1000 -1000/positionOffset Nova.Eli -10 0/changeLocation TenebrousNova.EliDylan.CP_ESEDHouse/addTemporaryActor DoorMonster 32 64 24 13 2 false/playSound shadowDie/viewport 22 13/pause 1000/speak Nova.Eli \"{{i18n:Events.EliGuestRoom.NovaEli.6}}\"/pause 500/playSound doorOpen/animate DoorMonster false false 200 0 1 2 3 4 5 6 7 8 9 10 11/pause 1200/jump farmer/faceDirection Nova.Eli 0 true/textAboveHead Nova.Eli \"{{i18n:Events.EliGuestRoom.NovaEli.7}}\" true/startJittering/pause 1200/animate DoorMonster false false 200 12 13 14 15 16 17 18 19 20/pause 2050/positionOffset Nova.Eli -15 -15/showFrame Nova.Eli 144/shake Nova.Eli 2000/playSound shadowpeep/showFrame DoorMonster 21/pause 100/showFrame Nova.Eli 145/positionOffset Nova.Eli 10 -10/showFrame DoorMonster 22/pause 100/showFrame Nova.Eli 146/positionOffset Nova.Eli -10 10/showFrame DoorMonster 21/pause 100/showFrame Nova.Eli 146/positionOffset Nova.Eli 10 -10/showFrame DoorMonster 22/pause 200/positionOffset Nova.Eli 5 -10/showFrame DoorMonster 23/showFrame Nova.Eli 147/positionOffset Nova.Eli -5 10/showFrame DoorMonster 22/pause 200/showFrame Nova.Eli 148/positionOffset Nova.Eli -10 10/showFrame DoorMonster 21/pause 200/showFrame Nova.Eli 149/positionOffset Nova.Eli 10 -10/showFrame DoorMonster 22/pause 100/positionOffset Nova.Eli 5 -10/showFrame DoorMonster 23/pause 100/positionOffset Nova.Eli 0 -5/showFrame DoorMonster 24/pause 100/showFrame Nova.Eli 150/positionOffset Nova.Eli 0 -5/showFrame DoorMonster 25/pause 100/positionOffset Nova.Eli 0 -5/showFrame DoorMonster 26/pause 100/showFrame Nova.Eli 151/positionOffset Nova.Eli 0 -5/showFrame DoorMonster 27/pause 100/showFrame DoorMonster 28/pause 100/showFrame DoorMonster 29/pause 100/showFrame DoorMonster 30/pause 100/showFrame DoorMonster 31/showFrame DoorMonster 32/playSound doorClose/screenShake 5 0.5/pause 100/showFrame Nova.Eli 152/pause 500/showFrame Nova.Eli 153/pause 1000/showFrame Nova.Eli 154/textAboveHead Nova.Eli \"{{i18n:Events.EliGuestRoom.NovaEli.8}}\"/pause 1000/showFrame Nova.Eli 155/stopJittering/pause 1000/showFrame Nova.Eli 0/pause 1000/emote Nova.Eli 40/speak Nova.Eli \"{{i18n:Events.EliGuestRoom.NovaEli.9}}\"/jump farmer/pause 1000/speed farmer 6/advancedMove farmer false -5 0 0 6 -2 0 0 3 -3 0 0 3 2 10/emote farmer 36 true/pause 5000/playSound doorClose/warp farmer 999 999/emote Nova.Eli 28/globalFade/viewport -1000 -1000/speak Nova.Eli \"{{i18n:Events.EliGuestRoom.NovaEli.10}}\"/stopAdvancedMoves/end"
		}
	},

	/*TAS PARTICLE EFFECTS

	Owl: temporaryAnimatedSprite EliDylan\\Critters 0 96 32 32 500 4 30 X Y false false 1 0 1 0 0 0 motion 0 3 acceleration 0 0
	Green Sitting Frog: temporaryAnimatedSprite EliDylan\\Critters 64 128 16 16 250 3 30000 X Y false false 1 0 1 0 0 0
	Olive Sitting Frog: temporaryAnimatedSprite EliDylan\\Critters 64 144 16 16 250 3 30000 X Y false false 1 0 1 0 0 0
	Green Sitting Frog (Post): temporaryAnimatedSprite EliDylan\\Critters 64 160 16 32 250 3 30000 X Y false false 1 0 1 0 0 0
	Olive Sitting Frog (Post): temporaryAnimatedSprite EliDylan\\Critters 64 192 16 32 250 3 30000 X Y false false 1 0 1 0 0 0
	Green Jumping Frog: temporaryAnimatedSprite EliDylan\\Critters 0 128 16 16 250 4 1 X Y false false 1 0 1 0 0 0 motion 1.2 0 acceleration 0 0.01
	Olive Jumping Frog: temporaryAnimatedSprite EliDylan\\Critters 0 144 16 16 250 4 1 X Y false false 1 0 1 0 0 0 motion 1.2 0 acceleration 0 0.01
	Green Jumping Frog (Post): temporaryAnimatedSprite EliDylan\\Critters 0 60 16 32 250 4 1 X Y false false 1 0 1 0 0 0 motion 1.2 0 acceleration 0 0.01
	Olive Jumping Frog (Post): temporaryAnimatedSprite EliDylan\\Critters 0 192 16 32 250 4 1 X Y false false 1 0 1 0 0 0 motion 1.2 0 acceleration 0 0.01
	Splash: temporaryAnimatedSprite EliDylan\\Critters 0 224 16 16 250 9 1 X Y false false 1 0 1 0 0 0
	temporaryAnimatedSprite texture rect_x rect_y rect_width rect_height animation_interval animation_length number_of_loops tile_x tile_y flicker flipped layer_depth alpha_fade scale scale_change rotation rotation_change
	*/

	{
		"LogName": "Night Owl",
		"Action": "EditData",
		"Target": "Data/Events/Forest",
		"Entries": {
			"EnD.EliBonus.03": 
			"continue/34 28/farmer 34 25 2 Nova.Eli 35 26 2 Shane 999 999 2/addConversationTopic EliLateHangout 3/skippable/ignoreCollisions farmer/addLantern 735 33 25 1/positionOffset Nova.Eli 0 -8/showFrame Nova.Eli 60/temporaryAnimatedSprite EliDylan\\Critters 64 128 16 16 250 3 30000 33 22 false true 1 0 1 0 0 0/pause 100/temporaryAnimatedSprite EliDylan\\Critters 64 192 16 32 250 3 30000 37 25 false false 1 0 1 0 0 0/pause 1500/textAboveHead Nova.Eli \"{{i18n:Events.EliNightOwl.NovaEli.1}}\"/pause 2000/positionOffset farmer 0 4/pause 5/positionOffset farmer 0 4/pause 5/positionOffset farmer 0 4/pause 5/positionOffset farmer 0 4/pause 5/positionOffset farmer 0 4/pause 5/positionOffset farmer 0 4/showFrame farmer 54/pause 250/emote Nova.Eli 32/pause 500/quickQuestion {{i18n:Events.EliNightOwl.Question.1}}#{{i18n:Events.EliNightOwl.Question.1.Answer.1}}#{{i18n:Events.EliNightOwl.Question.1.Answer.2}}(break)emote Nova.Eli 40 true\\speak Nova.Eli \"{{i18n:Events.EliNightOwl.Question.1.Response.1.1}}\"\\showFrame Nova.Eli 58\\pause 500\\speak Nova.Eli \"{{i18n:Events.EliNightOwl.Question.1.Response.1.2}}\"(break)emote Nova.Eli 28 true\\speak Nova.Eli \"{{i18n:Events.EliNightOwl.Question.1.Response.2.1}}\"\\showFrame Nova.Eli 58\\speak Nova.Eli \"{{i18n:Events.EliNightOwl.Question.1.Response.2.2}}\"/animate Nova.Eli false true 100 16 16 16 16 16 16 16 16 16 16 16 16 16 16 16 16 16 16 16 16 16 16 16 16 140 140 140 140 140 140 140 140/emote farmer 28/speak Nova.Eli \"{{i18n:Events.EliNightOwl.NovaEli.2}}\"/playSound owl/temporaryAnimatedSprite EliDylan\\Critters 0 96 32 32 500 4 30 36 3 false false 1 0 1 0 0 0 motion 0 3 acceleration 0 0/emote farmer 40 true/pause 4500/removeSprite 33 22 true/temporaryAnimatedSprite EliDylan\\Critters 0 128 16 16 250 4 1 33 22 false true 1 0 1 0 0 0 motion -1.2 0 acceleration 0 0.01/pause 750/temporaryAnimatedSprite EliDylan\\Critters 0 224 16 16 100 9 1 31 22 false false 1 0 1 0 0 0/playSound slosh/removeSprite 37 25 true/temporaryAnimatedSprite EliDylan\\Critters 0 192 16 32 250 4 1 37 25 false false 1 0 1 0 0 0 motion 1.2 0 acceleration 0 0.01/pause 750/temporaryAnimatedSprite EliDylan\\Critters 0 224 16 16 100 9 1 38 26 false false 1 0 1 0 0 0/playSound slosh/quickQuestion #{{i18n:Events.EliNightOwl.Question.2.Answer.1}}#{{i18n:Events.EliNightOwl.Question.2.Answer.2}}#{{i18n:Events.EliNightOwl.Question.2.Answer.3}}#{{i18n:Events.EliNightOwl.Question.2.Answer.4}}(break)emote Nova.Eli 20 true\\speak Nova.Eli \"{{i18n:Events.EliNightOwl.Question.2.Response.1}}\"(break)emote Nova.Eli 32 true\\speak Nova.Eli \"{{i18n:Events.EliNightOwl.Question.2.Response.2}}\"(break)emote Nova.Eli 56 true\\speak Nova.Eli \"{{i18n:Events.EliNightOwl.Question.2.Response.3}}\"(break)stopAnimation Nova.Eli\\showFrame Nova.Eli 88\\textAboveHead Nova.Eli \"{{i18n:Events.EliNightOwl.Question.2.Response.4.1}}\"\\pause 1000\\animate Nova.Eli false true 100 16 16 16 16 16 16 16 16 16 16 16 16 16 16 16 16 16 16 16 16 16 16 16 16 140 140 140 140 140 140 140 140\\speak Nova.Eli \"{{i18n:Events.EliNightOwl.Question.2.Response.4.2}}\"/temporaryAnimatedSprite EliDylan\\Critters 0 224 16 16 100 9 1 33 29 false false 1 0 1 0 0 0/playSound slosh/emote farmer 32/stopAnimation Nova.Eli/showFrame Nova.Eli 60/emote Nova.Eli 32/textAboveHead Nova.Eli \"{{i18n:Events.EliNightOwl.NovaEli.3}}\" true/pause 2700/emote farmer 24/showFrame farmer 5/emote Nova.Eli 16/globalFade/viewport -1000 -1000/pause 500/speak Nova.Eli \"{{i18n:Events.EliNightOwl.NovaEli.4}}\"/pause 500/playSound thudStep/pause 250/playSound thudStep/pause 250/playSound thudStep/pause 250/playSound thudStep/pause 250/playSound thudStep/pause 250/playSound thudStep/speak Shane \"{{i18n:Events.EliNightOwl.Shane.1}}\"/speak Nova.Eli \"{{i18n:Events.EliNightOwl.NovaEli.5}}\"/speak Shane \"{{i18n:Events.EliNightOwl.Shane.2}}\"/speak Nova.Eli \"{{i18n:Events.EliNightOwl.NovaEli.6}}\"/speak Shane \"{{i18n:Events.EliNightOwl.Shane.3}}\"/pause 1000/message \"{{i18n:Events.EliNightOwl.Message.1}}\"/end newDay"
		}
	}
	]
}
/*advancedMove true/false (loop) parameters

parameters:
x y x y x y = move without pause

x y z t x y z t = move with pauses

x y x y z t x y = move with mix of mentioned above

x = how many tiles move in x axis (+ = right, - = left)
y = how many tiles move in y axis (+ = down, - = up)
z = direction face upon reaching destination (1=right, 2=down, 3=left, 4=up)
t = duration in milliseconds how long to stay in that spot (must be >= 10000ms)*/