{
    "Changes": [
		{
			"Action": "Load",
			"Target": "Maps/{{ModID}}_ESEDHouse",
			"FromFile": "Assets/Maps/EliDylanHouse.tmx"
		},
		{
			"Action": "Load",
			"Target": "Maps/{{ModID}}_ESEDHouseDark",
			"FromFile": "Assets/Maps/EliDylanHouseDark.tmx"
		},
		{
			"Action": "Load",
			"Target": "Maps/{{ModID}}_ESEDHouseFull",
			"FromFile": "Assets/Maps/EliDylanHouseFull.tmx"
		},
		{
			"Action": "Load",
			"Target": "Maps/{{ModID}}_EDMushroomCave",
			"FromFile": "Assets/Maps/MushroomCave.tmx"
		},
		{
			"Action": "Load",
			"Target": "Maps/{{ModID}}_EDMountainCave",
			"FromFile": "Assets/Maps/DeepMountainCave.tmx"
		},
		{
			"Action": "Load",
			"Target": "Maps/{{ModID}}_DylanTidePool",
			"FromFile": "Assets/Maps/TidePool.tmx"
		},
		{
			"Action": "Load",
			"Target": "Maps/{{ModID}}_OldWoods",
			"FromFile": "Assets/Maps/OldWoods.tmx"
		},
		{
			"Action": "Load",
			"Target": "Maps/{{ModID}}_DylanOcean",
			"FromFile": "Assets/Maps/DylanOcean.tmx"
		},
		{
			"Action": "Load",
			"Target": "Maps/{{ModID}}_AbyssTransition",
			"FromFile": "Assets/Maps/AbyssTransition.tmx"
		},
		{
			"Action": "Load",
			"Target": "Maps/{{ModID}}_DylanAbyss",
			"FromFile": "Assets/Maps/DylanAbyss.tmx"
		},
		{
			"Action": "Load",
			"Target": "Maps/{{ModID}}_DylanDreamSea",
			"FromFile": "Assets/Maps/DylanDreamSea.tmx"
		},
		{
			"Action": "Load",
			"Target": "Maps/{{ModID}}_ESFlashback",
			"FromFile": "Assets/Maps/EastScarp_FlashbackESR.tmx"
		},
		{
			"Action": "Load",
			"Target": "Maps/{{ModID}}_TempInnRoom",
			"FromFile": "Assets/Maps/TempInnRoom.tmx"
		},
		{
			"Action": "Load",
			"Target": "Maps/{{ModID}}_FarawayIslet",
			"FromFile": "Assets/Maps/FarawayIslet.tmx"
		},

		{
			"LogName": "Location Data",
			"Action": "EditData",
			"Target": "Data/Locations",
			"Entries": {
				"{{ModID}}_ESEDHouse": {
					"DisplayName": "{{i18n:Core.Locations.ESEDHouse}}",
					"DefaultArrivalTile": { "X": 14, "Y": 27 },
					"CreateOnLoad": { "MapPath": "Maps/TenebrousNova.EliDylan.CP_ESEDHouse" },
					"FormerLocationNames": [ "EastScarp_EDHouse" ]
				},
				"{{ModID}}_ESEDHouseDark": {
					"DisplayName": "{{i18n:Core.Locations.ESEDHouse}}",
					"DefaultArrivalTile": { "X": 14, "Y": 27 },
					"CreateOnLoad": { "MapPath": "Maps/TenebrousNova.EliDylan.CP_ESEDHouseDark" }
				},
				"{{ModID}}_ESEDHouseFull": {
					"DisplayName": "{{i18n:Core.Locations.ESEDHouse}}",
					"DefaultArrivalTile": { "X": 14, "Y": 27 },
					"CreateOnLoad": { "MapPath": "Maps/TenebrousNova.EliDylan.CP_ESEDHouseFull" }
				},
				"{{ModID}}_EDMushroomCave": {
					"DisplayName": "{{i18n:Core.Locations.EDMushroomCave}}",
					"DefaultArrivalTile": { "X": 21, "Y": 19 },
					"CreateOnLoad": { "MapPath": "Maps/TenebrousNova.EliDylan.CP_EDMushroomCave" },
					"FormerLocationNames": [ "Custom_EDMushroomCave" ],
					"FishAreas": {
						"EnD.MushroomCavePond": {
							"DisplayName": "{{i18n:Core.Locations.MushroomCavePond}}",
							"Position": null,
							"CrabPotFishTypes": [],
							"CrabPotJunkChance": 1.0
						}
					},
					"Fish": [
						{
							"Id": "{{ModID}}_LambentHyphafin",
							"ItemId": "(O){{ModID}}_LambentHyphafin",
							"FishaAreaID": "EnD.MushroomCavePond",
							"Season": null
						},
						{
							"Id": "{{ModID}}_StarlightWeaver",
							"ItemId": "(O){{ModID}}_StarlightWeaver",
							"FishaAreaID": "EnD.MushroomCavePond",
							"Season": null
						},
						{
              			    "Id": "(O)156",
              			    "ItemId": "(O)156",
              			    "FishAreaID": "EnD.MushroomCavePond",
              			    "Season": null
            			},
						{
							"Id": "(O)158",
							"ItemId": "(O)158",
							"FishAreaID": "EnD.MushroomCavePond",
							"Season": null
						},
						{
							"Id": "(O)153",
							"ItemId": "(O)153",
							"FishAreaID": "EnD.MushroomCavePond",
							"Season": null
						},
						{
							"Id": "(O)157",
							"ItemId": "(O)157",
							"FishAreaID": "EnD.MushroomCavePond",
							"Season": null
						},
						{
							"Id": "(O)257",
							"ItemId": "(O)257",
							"FishAreaID": "EnD.MushroomCavePond",
							"Season": null
						},
						{
							"Id": "(O)422",
							"ItemId": "(O)422",
							"FishAreaID": "EnD.MushroomCavePond",
							"Season": null
						},
						{
							"Id": "(O)420",
							"ItemId": "(O)420",
							"FishAreaID": "EnD.MushroomCavePond",
							"Season": null
						},
						{
							"Id": "(O)281",
							"ItemId": "(O)281",
							"FishAreaID": "EnD.MushroomCavePond",
							"Season": null
						},
						{
							"Id": "(O)404",
							"ItemId": "(O)404",
							"FishAreaID": "EnD.MushroomCavePond",
							"Season": null
						}
					],
					"Forage": [
						{
							"Chance": 0.5,
							"Season": null,
							"ID": "(O)257", //Morel	
							"ItemID": "(O)257"
						},
						{
							"Chance": 0.5,
              				"Season": null,
              				"Id": "(O)422", //purple mush
              				"ItemId": "(O)422"
						},
						{
							"Chance": 0.5,
              				"Season": null,
              				"Id": "(O)420", //Red Mushroom
              				"ItemId": "(O)420"
						},
						{
							"Chance": 0.5,
              				"Season": null,
              				"Id": "(O)281", //Chanterelle
              				"ItemId": "(O)281"
						},
						{
							"Chance": 0.5,
              				"Season": null,
              				"Id": "(O)404", //common mush
              				"ItemId": "(O)404"
						}
					],
					"MinDailyWeeds": 0,
					"MaxDailyWeeds": 0,
					"FirstDayWeedMultiplier": 0,
					"MinDailyForageSpawn": 1,
					"MaxDailyForageSpawn": 3,
					"MaxSpawnedForageAtOnce": 8
				},
				"{{ModID}}_EDMountainCave": {
					"DisplayName": "{{i18n:Core.Locations.EDMountainCave}}",
					"DefaultArrivalTile": { "X": 14, "Y": 38 },
					"CreateOnLoad": { "MapPath": "Maps/TenebrousNova.EliDylan.CP_EDMountainCave" },
					"FormerLocationNames": [ "Custom_EDMountainCave" ]
				},
				"{{ModID}}_DylanTidePool": {
					"DisplayName": "{{i18n:Core.Locations.DylanTidePool}}",
					"CreateOnLoad": { "MapPath": "Maps/TenebrousNova.EliDylan.CP_DylanTidePool" },
					"FormerLocationNames": [ "Custom_DylanTidePool" ]
				},
				"{{ModID}}_OldWoods": {
					"DisplayName": "{{i18n:Core.Locations.OldWoods}}",
					"DefaultArrivalTile": { "X": 29, "Y": 45 },
					"CreateOnLoad": { "MapPath": "Maps/TenebrousNova.EliDylan.CP_OldWoods" },
					"FormerLocationNames": [ "Custom_OldWoods" ],
					"FishAreas": {
						"EnD.OldWoodsPond": {
							"DisplayName": "{{i18n:Core.Locations.OldWoodsPond}}",
							"Position": null,
							"CrabPotFishTypes": [],
							"CrabPotJunkChance": 1.0
						}
					},
					"Fish": [
						{
							"Id": "{{ModID}}_Junimeel",
							"ItemId": "(O){{ModID}}_Junimeel",
							"FishaAreaID": "EnD.OldWoodsPond",
							"Season": null
						},
						{
							"Id": "EastScarp_Fairy_Betta_OldWoods",
							"ItemId": "(O)EastScarp_Fairy_Betta",
							"FishAreaID": "EnD.OldWoodsPond",
							"Condition": "LOCATION_Season Here spring summer fall"
						  },
						  {
							"Id": "(O)698",
							"ItemId": "(O)698",
							"Condition": "LOCATION_Season Here spring fall"
						  },
						  {
							"Id": "(O)699",
							"ItemId": "(O)699"
						  },
						  {
							"Season": "Spring",
							"Id": "(O)129",
							"ItemId": "(O)129"
						  },
						  {
							"Season": "Summer",
							"Id": "(O)137",
							"ItemId": "(O)137"
						  },
						  {
							"Season": "Summer",
							"Id": "(O)148",
							"ItemId": "(O)148"
						  },
						  {
							"FishAreaId": "OldWoods",
							"Id": "(O)136_OldWoods",
							"ItemId": "(O)136"
						  },
						  {
							"Season": "fall",
							"FishAreaId": "OldWoods",
							"Id": "(O)137_OldWoods",
							"ItemId": "(O)137"
						  },
						  {
							"Season": "summer",
							"FishAreaId": "OldWoods",
							"Id": "(O)138_OldWoods",
							"ItemId": "(O)138"
						  },
						  {
							"Season": "spring",
							"FishAreaId": "OldWoods",
							"Id": "(O)138_OldWoods",
							"ItemId": "(O)138"
						  },
						  {
							"Season": "fall",
							"FishAreaId": "OldWoods",
							"Id": "(O)139_OldWoods",
							"ItemId": "(O)139"
						  }
					],
					"Forage": [
						{
							"Chance": 0.7,
							"Season": "Spring",
							"Condition": null,
							"Id": "OldWoodsForage1",
							"ItemId": "(O)20",
							"RandomItemId": null,
							"MinStack": -1,
							"MaxStack": -1,
							"Quality": -1
						  },
						  {
							"Chance": 0.5,
							"Season": "Spring",
							"Condition": null,
							"Id": "OldWoodsForage2",
							"ItemId": "(O)16",
							"RandomItemId": null,
							"MinStack": -1,
							"MaxStack": -1,
							"Quality": -1
						  },
						  {
							"Chance": 0.5,
							"Season": "Summer",
							"Condition": null,
							"Id": "OldWoodsForage3",
							"ItemId": "(O)396",
							"RandomItemId": null,
							"MinStack": -1,
							"MaxStack": -1,
							"Quality": -1
						  },
						  {
							"Chance": 0.8,
							"Season": "Summer",
							"Condition": null,
							"Id": "OldWoodsForage4",
							"ItemId": "(O)402",
							"RandomItemId": null,
							"MinStack": -1,
							"MaxStack": -1,
							"Quality": -1
						  },
						  {
							"Chance": 0.4,
							"Season": "Fall",
							"Condition": null,
							"Id": "OldWoodsForage5",
							"ItemId": "(O)404",
							"RandomItemId": null,
							"MinStack": -1,
							"MaxStack": -1,
							"Quality": -1
						  },
						  {
							"Chance": 0.4,
							"Season": "Fall",
							"Condition": null,
							"Id": "OldWoodsForage6",
							"ItemId": "(O)406",
							"RandomItemId": null,
							"MinStack": -1,
							"MaxStack": -1,
							"Quality": -1
						  },
						  {
							"Chance": 0.9,
							"Season": "Fall",
							"Condition": null,
							"Id": "OldWoodsForage7",
							"ItemId": "(O)408",
							"RandomItemId": null,
							"MinStack": -1,
							"MaxStack": -1,
							"Quality": -1
						  },
						  {
							"Chance": 0.85,
							"Season": "Winter",
							"Condition": null,
							"Id": "OldWoodsForage8",
							"ItemId": "(O)414",
							"RandomItemId": null,
							"MinStack": -1,
							"MaxStack": -1,
							"Quality": -1
						  },
						  {
							"Chance": 0.9,
							"Season": "Winter",
							"Condition": null,
							"Id": "OldWoodsForage9",
							"ItemId": "(O)418",
							"RandomItemId": null,
							"MinStack": -1,
							"MaxStack": -1,
							"Quality": -1
						  },
						  {
							"Chance": 0.5,
							"Season": "Winter",
							"Condition": null,
							"Id": "OldWoodsForage10",
							"ItemId": "(O)283",
							"RandomItemId": null,
							"MinStack": -1,
							"MaxStack": -1,
							"Quality": -1
						  }
					]
				},
				"{{ModID}}_DylanOcean": {
					"DisplayName": "{{i18n:Core.Locations.DylanOcean}}",
					"CreateOnLoad": { "MapPath": "Maps/TenebrousNova.EliDylan.CP_DylanOcean" }
				},
				"{{ModID}}_AbyssTransition": {
					"DisplayName": "{{i18n:Core.Locations.DylanAbyssTransition}}",
					"CreateOnLoad": { "MapPath": "Maps/TenebrousNova.EliDylan.CP_AbyssTransition" }
				},
				"{{ModID}}_DylanAbyss": {
					"DisplayName": "{{i18n:Core.Locations.DylanAbyss}}",
					"CreateOnLoad": { "MapPath": "Maps/TenebrousNova.EliDylan.CP_DylanAbyss" }
				},
				"{{ModID}}_DylanDreamSea": {
					"DisplayName": "{{i18n:Core.Locations.DylanDreamSea}}",
					"CreateOnLoad": { "MapPath": "Maps/TenebrousNova.EliDylan.CP_DylanDreamSea" }
				},
				"{{ModID}}_ESFlashback": {
					"DisplayName": "{{i18n:Core.Locations.ESFlashback}}",
					"CreateOnLoad": { "MapPath": "Maps/TenebrousNova.EliDylan.CP_ESFlashback" }
				},
				"{{ModID}}_TempInnRoom": {
					"DisplayName": "{{i18n:Core.Locations.TempInnRoom}}",
					"CreateOnLoad": { "MapPath": "Maps/TenebrousNova.EliDylan.CP_TempInnRoom" }
				},
				"{{ModID}}_FarawayIslet": {
					"DisplayName": "{{i18n:Core.Locations.FarawayIslet}}",
					"DefaultArrivalTile": { "X": 30, "Y": 42 },
					"CreateOnLoad": { "MapPath": "Maps/TenebrousNova.EliDylan.CP_FarawayIslet" }
				}
			}
		},

		//Map Patches

		//Adds the house and garden to East Scarp. Also adds the exterior lantern light.

		{
			"LogName": "House Patch",
			"Action": "EditMap",
			"Target": "Maps/EastScarp_Village",
			"FromFile": "Assets/Maps/{{HouseExterior}}",
			"ToArea": {
			"X": 81,
			"Y": 59,
			"Width": 12,
			"Height": 16
			},
			"TextOperations": [
				{
					"Operation": "Append",
					"Target": [
						"MapProperties",
						"Light"
					],
					"Value": "87 65 2",
					"Delimiter": " "
				}
			]
		},
		//What's this, then...?
		{
			"LogName": "Guest Room",
			"Action": "EditMap",
			"Target": "Maps/{{ModID}}_ESEDHouse",
			"FromFile": "Assets/Maps/GuestRoom.tmx",
			"ToArea": {
				"X": 20,
				"Y": 0,
				"Width": 10,
				"Height": 14
			},
			"TextOperations": [
				{
					"Operation": "Append",
					"Target": [
						"MapProperties",
						"Doors"
					],
					"Value": "24 12 1 120",
					"Delimiter": " "
				},
				{
					"Operation": "Append",
					"Target": [
						"MapProperties",
						"spacechase0.SpaceCore_ColoredLights"
					],
					"Value": "24 7 4 3 0 255 238",
					"Delimiter": " "
				}
			],
			"When": {
				"Weather": "Storm"
			}
		},

		//???

		{
			"LogName": "Guest Room (Green)",
			"Action": "EditMap",
			"Target": "Maps/{{ModID}}_ESEDHouse",
			"FromFile": "Assets/Maps/GuestRoomGreen.tmx",
			"ToArea": {
				"X": 20,
				"Y": 0,
				"Width": 10,
				"Height": 14
			},
			"TextOperations": [
				{
					"Operation": "Append",
					"Target": [
						"MapProperties",
						"Doors"
					],
					"Value": "24 12 1 120",
					"Delimiter": " "
				}
			],
			"When": {
				"Weather": "GreenRain"
			}
		},

		//Guest Room Seeds

		  {
			"LogName": "Add box patch",
			"Action": "EditMap",
			"Target": "Maps/{{ModID}}_ESEDHouse",
			"FromFile": "Assets/Maps/GuestRoomBox.tmx",
			"ToArea": {
			  "X": 24,
			  "Y": 8,
			  "Width": 1,
			  "Height": 1
			},
			"PatchMode": "Overlay",
			"When": {
			  "HasFlag: |contains={{ModID}}_SeedGift_Received": false,
			  "HasSeenEvent |contains=EnD.EliBonus.02": true,
			  "Weather": "Storm"
			}
		  },
		  {
			"LogName": "Free seeds for profit here",
			"Action": "EditMap",
			"Target": "Maps/{{ModID}}_ESEDHouse",
			"When": {
				"HasFlag: |contains={{ModID}}_SeedGift_Received": false,
				"HasSeenEvent |contains=EnD.EliBonus.02": true,
				"Weather": "Storm"
			  },
			"MapTiles": [
			  {
				"Position": {
				  "X": 24,
				  "Y": 8
				},
				"Layer": "Buildings",
				"SetProperties": {
				  "Action": "spacechase0.SpaceCore_TriggerAction {{ModID}}_SeedGift"
				}
			  }
			]
		  },
	
		//Fireplace
	
		{
			"LogName": "EDHouse Fireplace",
			"Action": "EditMap",
			"Target": "Maps/{{ModID}}_ESEDHouse",
			"FromFile": "Assets/Maps/EDHouseFireplace.tmx",
			"ToArea": {
				"X": 15,
				"Y": 19,
				"Width": 2,
				"Height": 2
			},
			"TextOperations": [
				{
					"Operation": "Append",
					"Target": [
						"MapProperties",
						"TreatAsOutdoors"
					],
					"Value": "T",
					"Delimiter": " "
				},
				{
					"Operation": "Append",
					"Target": [
						"MapProperties",
						"BrookSounds"
					],
					"Value": "15 20 1",
					"Delimiter": " "
				}
			],
			"When": {
				"Time": "{{Range: 1800, 2600}}",
				"Season": "spring, fall, winter"
			},
			"PatchMode": "Replace",
			"Update": "OnLocationChange"
		},

		//Mouse Shop Coin

		{
			"LogName": "Mouse Shop Coin",
			"Action": "EditMap",
			"Target": "Maps/{{ModID}}_ESEDHouse",
			"FromFile": "Assets/Maps/MouseShopPatch.tmx",
			"Condition": "PLAYER_HAS_SEEN_EVENT Current EnD.Critters.04",
			"ToArea": {
				"X": 25,
				"Y": 13,
				"Width": 1,
				"Height": 1
			},
			"When": {
				"Weather |contains=Storm": false,
				"HasSeenEvent |contains=EnD.Critters.04": "true"
			},
			"PatchMode": "Overlay"
		},
	
		//Deep Mountains Cave
	
		{
			"LogName": "Deep Mountains Cave Locked",
			"Action": "EditMap",
			"Target": "Maps/EastScarp_DeepMountains",
			"FromFile": "Assets/Maps/DeepMountainCavePatch.tmx",
			"ToArea": {
				"X": 5,
				"Y": 18,
				"Width": 6,
				"Height": 10
			},
			"PatchMode": "Replace",
			"When": {
				"HasSeenEvent |contains=EnD.Eli.06": "false"
			}
		},
		{
			"LogName": "Deep Mountains Cave Open",
			"Action": "EditMap",
			"Target": "Maps/EastScarp_DeepMountains",
			"FromFile": "Assets/Maps/DeepMountainCavePatchOpen.tmx",
			"ToArea": {
				"X": 5,
				"Y": 18,
				"Width": 6,
				"Height": 10
			},
			"Update": "OnLocationChange",
			"PatchMode": "Replace",
			"TextOperations": [
				{
					"Operation": "Append",
					"Target": [
						"MapProperties",
						"Warp"
					],
					"Value": "8 22 {{ModID}}_EDMountainCave 14 38",
					"Delimiter": " "
				}
			],
			"When": {
				"HasSeenEvent |contains=EnD.Eli.06": "true"
			}
		},
	
		//Saturday beach camp. A nice new evening tradition for East Scarp.
	
		{
			"LogName": "ES Beach Camp",
			"Action": "EditMap",
			"Target": "Maps/EastScarp_Village",
			"FromFile": "Assets/Maps/ESBeachCampPatch.tmx",
			"ToArea": {
				"X": 34,
				"Y": 101,
				"Width": 8,
				"Height": 10
			},
			"TextOperations": [
				{
					"Operation": "Append",
					"Target": [
						"MapProperties",
						"Light"
					],
					"Value": "35 104 4 37 106 4 38 106 4 37 107 4 38 107 4",
					"Delimiter": " "
				}
			],
			"When": {
				"DayOfWeek": "Saturday",
				"Weather": "Sun, Wind, Snow"
			},
			"PatchMode": "Replace"
		},
		{
			"LogName": "ES Beach Campfire",
			"Action": "EditMap",
			"Target": "Maps/EastScarp_Village",
			"FromFile": "Assets/Maps/ESBeachCampPatchFire.tmx",
			"ToArea": {
				"X": 37,
				"Y": 106,
				"Width": 2,
				"Height": 2
			},
			"When": {
				"DayOfWeek": "Saturday",
				"Weather": "Sun, Wind, Snow",
				"Time": "{{Range: 1800, 2600}}"
			},
			"PatchMode": "Replace",
			"Update": "OnTimeChange"
		},

		//Loads the house tilesheets.
	
		{
			"LogName": "House Tilesheets",
			"Action": "Load",
			"Target": "Maps/spring_z_EDHouse, Maps/summer_z_EDHouse, Maps/fall_z_EDHouse, Maps/winter_z_EDHouse",
			"FromFile": "Assets/TileSheets/{{TargetWithoutPath}}.png"
		},
		{
			"LogName": "Interior Tilesheets",
			"Action": "Load",
			"Target": "Maps/Custom_EDInterior",
			"FromFile": "Assets/TileSheets/{{TargetWithoutPath}}.png"
		},

		//House Exterior Lantern

	{
		"LogName": "Night Lantern",
		"Action": "EditImage",
		"Target": "Maps/{{season}}_z_EDHouse",
		"FromFile": "assets/TileSheets/{{season}}_z_EDHouse.png",
		"When": {
			"HasFile:{{FromFile}}": true,
			"Time": "{{Range: 2000, 2600}}"
		},
		"FromArea": {
			"X": 112,
			"Y": 160,
			"Width": 16,
			"Height": 16
		},
		"ToArea": {
			"X": 80,
			"Y": 48,
			"Width": 16,
			"Height": 16
		},
		"PatchMode": "Replace",
		"Update": "OnTimeChange"
	},

	//Dylan framed magazine.

	{
		"LogName": "Dylan Framed Magazine Patch",
		"Action": "EditMap",
		"Target": "Maps/{{ModID}}_ESEDHouse",
		"FromFile": "Assets/Maps/DylanMagazinePatch.tmx",
		"ToArea": {
			"X": 18,
			"Y": 1,
			"Width": 1,
			"Height": 3
		},
		"PatchMode": "Overlay",
		"When": {
			"HasSeenEvent |contains=EnD.Dylan.11": true
		},
		"Update": "OnLocationChange"
	},

	//Eli Intro Patch. This temporarily removes the AlwaysFront parts of the Community Centre roof and replaces them with tiles on the Buildings layer so he can sit there.

	{
		"LogName": "Eli Intro Patch",
		"Action": "EditMap",
		"Target": "Maps/Town",
		"MapTiles": [
			{
				"Position": { "X": 55, "Y": 15 },
				"Layer": "AlwaysFront",
				"Remove": true
			},
			{
				"Position": { "X": 55, "Y": 15 },
				"Layer": "Buildings",
				"SetTileSheet": "Town",
				"SetIndex": "1416"
			},
			{
				"Position": { "X": 55, "Y": 14 },
				"Layer": "AlwaysFront",
				"Remove": true
			},
			{
				"Position": { "X": 55, "Y": 14 },
				"Layer": "Buildings",
				"SetTileSheet": "Town",
				"SetIndex": "1384"
			},
			{
				"Position": { "X": 55, "Y": 13 },
				"Layer": "AlwaysFront",
				"Remove": true
			},
			{
				"Position": { "X": 55, "Y": 13 },
				"Layer": "Buildings",
				"SetTileSheet": "Town",
				"SetIndex": "1352"
			},
			{
				"Position": { "X": 57, "Y": 15 },
				"Layer": "AlwaysFront",
				"Remove": true
			},
			{
				"Position": { "X": 57, "Y": 15 },
				"Layer": "Buildings",
				"SetTileSheet": "Town",
				"SetIndex": "1418"
			},
			{
				"Position": { "X": 58, "Y": 15 },
				"Layer": "AlwaysFront",
				"Remove": true
			},
			{
				"Position": { "X": 58, "Y": 15 },
				"Layer": "Buildings",
				"SetTileSheet": "Town",
				"SetIndex": "1419"
			},
			{
				"Position": { "X": 57, "Y": 14 },
				"Layer": "AlwaysFront",
				"Remove": true
			},
			{
				"Position": { "X": 57, "Y": 14 },
				"Layer": "Buildings",
				"SetTileSheet": "Town",
				"SetIndex": "1386"
			},
			{
				"Position": { "X": 58, "Y": 14 },
				"Layer": "AlwaysFront",
				"Remove": true
			},
			{
				"Position": { "X": 58, "Y": 14 },
				"Layer": "Buildings",
				"SetTileSheet": "Town",
				"SetIndex": "1387"
			},
			{
				"Position": { "X": 57, "Y": 13 },
				"Layer": "AlwaysFront",
				"Remove": true
			},
			{
				"Position": { "X": 57, "Y": 13 },
				"Layer": "Buildings",
				"SetTileSheet": "Town",
				"SetIndex": "1354"
			}
		],
		"When": {
			"HasSeenEvent": "112",
			"HasSeenEvent |contains=EnD.Eli.01": "false"
		},
		"Update": "OnLocationChange"
	},

	//Makes the forest foggy for Part 2 of Eli's 6 heart event (and STOP being foggy the next day).

	{
		"LogName": "Forest Monster Fog",
		"Action": "EditMap",
		"Target": "Maps/Forest",
		"FromFile": "Assets/Maps/MonsterFog.tmx",
		"ToArea": {
			"X": 0,
			"Y": 0,
			"Width": 120,
			"Height": 120
		},
		"PatchMode": "Overlay",
		"Update": "OnLocationChange",
		"When": {
   			"HasSeenEvent |contains=EnD.Eli.10": true,
  			 "HasSeenEvent |contains=EnD.Eli.11": false,
   			"HasFlag |contains=EnD.Foggy.Mailflag": true,
			"Time": "{{Range: 2100, 2400}}"
 		}
	},

	{
		"LogName": "ES Beach Campfire",
		"Action": "EditMap",
		"Target": "Maps/EastScarp_Village",
		"FromFile": "Assets/Maps/ESBeachCampPatchFire.tmx",
		"ToArea": {
			"X": 37,
			"Y": 106,
			"Width": 2,
			"Height": 2
		},
		"When": {
			"DayOfWeek": "Saturday",
			"Weather": "Sun, Wind, Snow",
			"Time": "{{Range: 1800, 2600}}"
		},
		"PatchMode": "Replace",
		"Update": "OnTimeChange"
	},

	//Ice Festival Patch, Year 2

	{
		"LogName": "EnD Ice Festival Patch Y2",
		"Action": "EditMap",
		"Target": "Maps/Forest-IceFestival2",
		"FromFile": "Assets/Maps/SnowzillaPatch.tmx",
		"Priority": "Late",
		"ToArea": {
			"X": 64,
			"Y": 8,
			"Width": 4,
			"Height": 3
		},
		"PatchMode": "Overlay",
		"When": {
			"HasMod |contains=FlashShifter.StardewValleyExpandedCP": true
		}
	},
	{
		"LogName": "EnD Ice Festival Patch Y2",
		"Action": "EditMap",
		"Target": "Maps/Forest-IceFestival2",
		"FromFile": "Assets/Maps/SnowzillaPatch.tmx",
		"Priority": "Late",
		"ToArea": {
			"X": 61,
			"Y": 11,
			"Width": 4,
			"Height": 3
		},
		"PatchMode": "Overlay",
		"When": {
			"HasMod |contains=FlashShifter.StardewValleyExpandedCP": false
		}
	},

	//Makes it possible for Eli to sit on Pierre's roof for funsies.
	
	{
		"LogName": "Pierre Roof Patch",
		"Action": "EditMap",
		"Target": "Maps/Town",
		"MapTiles": [
			{
				"Position": { "X": 47, "Y": 51},
				"Layer": "Front",
				"Remove": true
			},
			{
				"Position": { "X": 47, "Y": 52},
				"Layer": "Front",
				"Remove": true
			}
		]
	},

	//Adds Marimos and Junimeels to freshwater locations during green rain.

	{
		"LogName": "EnD Greenrain Fish - Town",
		"Action": "EditData",
		"Target": "Data/Locations",
		"TargetField": [
			"Town",
			"Fish"
		],
		"Entries": {
			"{{ModID}}_Marimo": {
				"Id": "{{ModID}}_Marimo",
				"ItemId": "(O){{ModID}}_Marimo",
				"Condition": "WEATHER Here GreenRain"
			},
			"{{ModID}}_Junimeel": {
				"Id": "{{ModID}}_Junimeel",
				"ItemId": "(O){{ModID}}_Junimeel",
				"Condition": "WEATHER Here GreenRain"
			}
		}
	},
	{
		"LogName": "EnD Greenrain Fish - Forest",
		"Action": "EditData",
		"Target": "Data/Locations",
		"TargetField": [
			"Forest",
			"Fish"
		],
		"Entries": {
			"{{ModID}}_Marimo": {
				"Id": "{{ModID}}_Marimo",
				"ItemId": "(O){{ModID}}_Marimo",
				"Condition": "WEATHER Here GreenRain"
			},
			"{{ModID}}_Junimeel": {
				"Id": "{{ModID}}_Junimeel",
				"ItemId": "(O){{ModID}}_Junimeel",
				"Condition": "WEATHER Here GreenRain"
			}
		}
	},
	{
		"LogName": "EnD Greenrain Fish - Secret Woods",
		"Action": "EditData",
		"Target": "Data/Locations",
		"TargetField": [
			"Woods",
			"Fish"
		],
		"Entries": {
			"{{ModID}}_Marimo": {
				"Id": "{{ModID}}_Marimo",
				"ItemId": "(O){{ModID}}_Marimo",
				"Condition": "WEATHER Here GreenRain"
			},
			"{{ModID}}_Junimeel": {
				"Id": "{{ModID}}_Junimeel",
				"ItemId": "(O){{ModID}}_Junimeel",
				"Condition": "WEATHER Here GreenRain"
			}
		}
	},
	{
		"LogName": "EnD Greenrain Fish - Mountain",
		"Action": "EditData",
		"Target": "Data/Locations",
		"TargetField": [
			"Mountain",
			"Fish"
		],
		"Entries": {
			"{{ModID}}_Marimo": {
				"Id": "{{ModID}}_Marimo",
				"ItemId": "(O){{ModID}}_Marimo",
				"Condition": "WEATHER Here GreenRain"
			},
			"{{ModID}}_Junimeel": {
				"Id": "{{ModID}}_Junimeel",
				"ItemId": "(O){{ModID}}_Junimeel",
				"Condition": "WEATHER Here GreenRain"
			}
		}
	},
	{
		"LogName": "EnD Ocean Fish - East Scarp",
		"Action": "EditData",
		"Target": "Data/Locations",
		"TargetField": [
			"EastScarp_Village",
			"Fish"
		],
		"Entries": {
			"{{ModID}}_CombJelly": {
				"Id": "{{ModID}}_CombJelly",
				"ItemId": "(O){{ModID}}_CombJelly",
				"FishAreaId": "ESBay"
			},
			"{{ModID}}_SeaAngel": {
				"Id": "{{ModID}}_SeaAngel",
				"ItemId": "(O){{ModID}}_SeaAngel",
				"Condition": "LOCATION_Season Here winter",
				"FishAreaId": "ESBay"
			}
		}
	},
	{
		"LogName": "EnD Greenrain Fish - East Scarp",
		"Action": "EditData",
		"Target": "Data/Locations",
		"TargetField": [
			"EastScarp_Village",
			"Fish"
		],
		"Entries": {
			"{{ModID}}_Marimo": {
				"Id": "{{ModID}}_Marimo",
				"ItemId": "(O){{ModID}}_Marimo",
				"FishAreaId": "ESFreshwater",
				"Condition": "WEATHER Here GreenRain"
			},
			"{{ModID}}_Junimeel": {
				"Id": "{{ModID}}_Junimeel",
				"ItemId": "(O){{ModID}}_Junimeel",
				"FishAreaId": "ESFreshwater",
				"Condition": "WEATHER Here GreenRain"
			}
		}
	},
	{
		"LogName": "EnD Greenrain Fish - Deep Mountains",
		"Action": "EditData",
		"Target": "Data/Locations",
		"TargetField": [
			"EastScarp_DeepMountains",
			"Fish"
		],
		"Entries": {
			"{{ModID}}_Marimo": {
				"Id": "{{ModID}}_Marimo",
				"ItemId": "(O){{ModID}}_Marimo",
				"Condition": "WEATHER Here GreenRain"
			},
			"{{ModID}}_Junimeel": {
				"Id": "{{ModID}}_Junimeel",
				"ItemId": "(O){{ModID}}_Junimeel",
				"Condition": "WEATHER Here GreenRain"
			}
		}
	},
	{
		"LogName": "EnD Greenrain Fish - Shearwater Bridge",
		"Action": "EditData",
		"Target": "Data/Locations",
		"TargetField": [
			"Custom_ShearwaterBridge",
			"Fish"
		],
		"When": {
			"HasMod |contains=FlashShifter.StardewValleyExpandedCP": true
		},
		"Entries": {
			"{{ModID}}_Marimo": {
				"Id": "{{ModID}}_Marimo",
				"ItemId": "(O){{ModID}}_Marimo",
				"Condition": "WEATHER Here GreenRain"
			},
			"{{ModID}}_Junimeel": {
				"Id": "{{ModID}}_Junimeel",
				"ItemId": "(O){{ModID}}_Junimeel",
				"Condition": "WEATHER Here GreenRain"
			}
		}
	},

	{
		"LogName": "EnD Ocean Fish - Beach",
		"Action": "EditData",
		"Target": "Data/Locations",
		"TargetField": [
			"Beach",
			"Fish"
		],
		"Entries": {
			"{{ModID}}_CombJelly": {
				"Id": "{{ModID}}_CombJelly",
				"ItemId": "(O){{ModID}}_CombJelly"
			},
			"{{ModID}}_SeaAngel": {
				"Id": "{{ModID}}_SeaAngel",
				"ItemId": "(O){{ModID}}_SeaAngel",
				"Condition": "LOCATION_Season Here winter"
			}
		}
	},

	//Adds corals to the beach.

	{
		"LogName": "EnD Corals - Beach",
		"Action": "EditData",
		"Target": "Data/Locations",
		"TargetField": [
			"Beach",
			"Forage"
		],
		"Entries": {
			"(O){{ModID}}_FrogspawnCoral": {
				"Chance": 0.1,
				"Season": null,
				"ID": "(O){{ModID}}_FrogspawnCoral",	
				"ItemID": "(O){{ModID}}_FrogspawnCoral"
			},
			"(O){{ModID}}_TorchCoral": {
				"Chance": 0.1,
				"Season": null,	
				"ItemID": "(O){{ModID}}_TorchCoral"
			},
			"(O){{ModID}}_DuncanCoral": {
				"Chance": 0.1,
				"Season": null,	
				"ItemID": "(O){{ModID}}_DuncanCoral"
			},
			"(O){{ModID}}_Trachyphyllia": {
				"Chance": 0.1,
				"Season": null,
				"ItemID": "(O){{ModID}}_Trachyphyllia"
			},
			"(O){{ModID}}_Scolymia": {
				"Chance": 0.1,
				"Season": null,
				"ItemID": "(O){{ModID}}_Scolymia"
			},
			"(O){{ModID}}_AcanCoral": {
				"Chance": 0.1,
				"Season": null,	
				"ItemID": "(O){{ModID}}_AcanCoral"
			},
			"(O){{ModID}}_ToadstoolCoral": {
				"Chance": 0.1,
				"Season": null,	
				"ItemID": "(O){{ModID}}_ToadstoolCoral"
			},
			"(O){{ModID}}_CandycaneCoral": {
				"Chance": 0.1,
				"Season": null,
				"ItemID": "(O){{ModID}}_CandycaneCoral"
			},
			"(O){{ModID}}_AcroporaCoral": {
				"Chance": 0.1,
				"Season": null,
				"ItemID": "(O){{ModID}}_AcroporaCoral"
			},
			"(O){{ModID}}_EleganceCoral": {
				"Chance": 0.1,
				"Season": null,
				"ItemID": "(O){{ModID}}_EleganceCoral"
			},
			"(O){{ModID}}_Gorgonian": {
				"Chance": 0.1,
				"Season": null,
				"ItemID": "(O){{ModID}}_Gorgonian"
			}
		}
	},

	{
		"LogName": "EnD Ocean Fish - Submarine",
		"Action": "EditData",
		"Target": "Data/Locations",
		"TargetField": [
			"Submarine",
			"Fish"
		],
		"Entries": {
			"{{ModID}}_BloodybellyCombJelly": {
				"Id": "{{ModID}}_BloodybellyCombJelly",
				"ItemId": "(O){{ModID}}_BloodybellyCombJelly"
			}
		}
	},

	{
		"LogName": "Godrays & Lighting - Old Woods",
		"Action": "EditMap",
		"Target": "Maps/{{ModID}}_OldWoods",
		"When": {
			"HasMod": "mushymato.MMAP"
		},
		"MapProperties": {
			"mushymato.MMAP_LightRays": "T",
			"mushymato.MMAP_WoodsLighting": "T #0a1e55"
		}
	}
	
    ]
}