{ 
    "Changes": [
        {
            "Action": "Load",
            "Target": "{{ModID}}/Camping, {{ModID}}/Spooky1, {{ModID}}/Spooky2, {{ModID}}/Octopus, {{ModID}}/AbyssFootage, {{ModID}}/BeyondReal, {{ModID}}/KillerBunny, {{ModID}}/Grindylow, {{ModID}}/MeetingSoot, {{ModID}}/Foghound, {{ModID}}/Blooper, {{ModID}}/Banner, {{ModID}}/Magazine, {{ModID}}/Tentacle, {{ModID}}/Silhouette, {{ModID}}/Thief, {{ModID}}/Dive",
            "FromFile": "Assets/MEEP/{{TargetWithoutPath}}.png"
        },
        {
            "LogName": "EnD Dylan Album",
            "Action": "EditMap",
            "Target": "Maps/{{ModID}}_ESEDHouse",
            "MapTiles": [
                {
                    "Position": {
                        "X": 15,
                        "Y": 4
                    },
                    "Layer": "Buildings",
                    "SetProperties": {
                        "Action": "MEEP_CloseupInteractionReel",
                        "MEEP_CloseupInteraction_Image_1": "{{ModID}}/Camping",
                        "MEEP_CloseupInteraction_Text_1": "{{i18n:MEEP.CampingPhoto}}",

                        "MEEP_CloseupInteraction_Image_2": "{{ModID}}/Spooky{{Random:{{Range: 1, 2}}}}",
                        "MEEP_CloseupInteraction_Text_2": "{{i18n:MEEP.SpookyPhoto}}",

                        "MEEP_CloseupInteraction_Image_3": "{{ModID}}/Octopus",
                        "MEEP_CloseupInteraction_Text_3": "{{i18n:MEEP.OctopusPhoto}}",
                        
                        "MEEP_CloseupInteraction_Image_4": "{{ModID}}/Thief",
                        "MEEP_CloseupInteraction_Text_4": "{{i18n:MEEP.Thief}}",

                        "MEEP_CloseupInteraction_Image_5": "{{ModID}}/Dive",
                        "MEEP_CloseupInteraction_Text_5": "{{i18n:MEEP.Dive}}"
                    }
                }
            ]
        },
        {
            "LogName": "EnD Dylan Album - Abyss",
            "Action": "EditMap",
            "Target": "Maps/{{ModID}}_ESEDHouse",
            "When": {
                "HasSeenEvent |contains=EnD.Dylan.10": true
            },
            "MapTiles": [
                {
                    "Position": {
                        "X": 15,
                        "Y": 4
                    },
                    "Layer": "Buildings",
                    "SetProperties": {
                        "Action": "MEEP_CloseupInteractionReel",
                        "MEEP_CloseupInteraction_Image_1": "{{ModID}}/Camping",
                        "MEEP_CloseupInteraction_Text_1": "{{i18n:MEEP.CampingPhoto}}",

                        "MEEP_CloseupInteraction_Image_2": "{{ModID}}/Spooky{{Random:{{Range: 1, 2}}}}",
                        "MEEP_CloseupInteraction_Text_2": "{{i18n:MEEP.SpookyPhoto}}",

                        "MEEP_CloseupInteraction_Image_3": "{{ModID}}/Octopus",
                        "MEEP_CloseupInteraction_Text_3": "{{i18n:MEEP.OctopusPhoto}}",

                        "MEEP_CloseupInteraction_Image_4": "{{ModID}}/Thief",
                        "MEEP_CloseupInteraction_Text_4": "{{i18n:MEEP.Thief}}",

                        "MEEP_CloseupInteraction_Image_5": "{{ModID}}/Dive",
                        "MEEP_CloseupInteraction_Text_5": "{{i18n:MEEP.Dive}}",

                        "MEEP_CloseupInteraction_Image_6": "{{ModID}}/AbyssFootage",
                        "MEEP_CloseupInteraction_Text_6": "{{i18n:MEEP.AbyssFootage}}"
                    }
                }
            ]
        },
        {
            "LogName": "Dylan Framed Article",
            "Action": "EditMap",
            "Target": "Maps/{{ModID}}_ESEDHouse",
            "MapTiles": [
                {
                    "Position": {
                        "X": 18,
                        "Y": 4
                    },
                    "Layer": "Buildings",
                    "SetProperties": {
                        "Action": "MEEP_CloseupInteraction_Image {{ModID}}/Magazine",
                        "MEEP_CloseupInteraction_Text": "{{i18n:MEEP.Magazine}}"
                    }
                }
            ],
            "When": {
                "HasSeenEvent |contains=EnD.Dylan.11": true
            }
        },

        {
            "LogName": "Poster - The Thing from Beneath the Ice",
            "Action": "EditMap",
            "Target": "Maps/{{ModID}}_ESEDHouse",
            "MapTiles": [
                {
                    "Position": {
                        "X": 2,
                        "Y": 13
                    },
                    "Layer": "Buildings",
                    "SetProperties": {
                        "Action": "MEEP_CloseupInteraction_Image {{ModID}}/Tentacle",
                        "MEEP_CloseupInteraction_Text": "{{i18n:Strings.House.EDPoster.3}}"
                    }
                }
            ]
        },
        {
            "LogName": "Poster - The Silhouette at the Window",
            "Action": "EditMap",
            "Target": "Maps/{{ModID}}_ESEDHouse",
            "MapTiles": [
                {
                    "Position": {
                        "X": 6,
                        "Y": 13
                    },
                    "Layer": "Buildings",
                    "SetProperties": {
                        "Action": "MEEP_CloseupInteraction_Image {{ModID}}/Silhouette",
                        "MEEP_CloseupInteraction_Text": "{{i18n:Strings.House.EDPoster.4}}"
                    }
                }
            ]
        },

        {
            "LogName": "EnD Eli Blog",
            "Action": "EditMap",
            "Target": "Maps/{{ModID}}_ESEDHouse",
            "MapTiles": [
                {
                    "Position": {
                        "X": 8,
                        "Y": 4
                    },
                    "Layer": "Buildings",
                    "SetProperties": {
                        "Action": "MEEP_CloseupInteractionReel",
                        "MEEP_CloseupInteraction_Image_1": "{{ModID}}/BeyondReal",
                        "MEEP_CloseupInteraction_Text_1": "{{i18n:MEEP.BeyondReal}}",

                        "MEEP_CloseupInteraction_Image_2": "{{ModID}}/KillerBunny",
                        "MEEP_CloseupInteraction_Text_2": "{{i18n:MEEP.KillerBunny}}",
                        "MEEP_CloseupInteraction_Image_3": "{{ModID}}/Banner",
                        "MEEP_CloseupInteraction_Text_3": "{{i18n:MEEP.KillerBunny.Description}}",

                        "MEEP_CloseupInteraction_Image_4": "{{ModID}}/Grindylow",
                        "MEEP_CloseupInteraction_Text_4": "{{i18n:MEEP.Grindylow}}",
                        "MEEP_CloseupInteraction_Image_5": "{{ModID}}/Banner",
                        "MEEP_CloseupInteraction_Text_5": "{{i18n:MEEP.Grindylow.Description}}",

                        "MEEP_CloseupInteraction_Image_6": "{{ModID}}/MeetingSoot",
                        "MEEP_CloseupInteraction_Text_6": "{{i18n:MEEP.MeetingSoot}}",
                        "MEEP_CloseupInteraction_Image_7": "{{ModID}}/Banner",
                        "MEEP_CloseupInteraction_Text_7": "{{i18n:MEEP.MeetingSoot.Description}}",

                        "MEEP_CloseupInteraction_Image_8": "{{ModID}}/Blooper",
                        "MEEP_CloseupInteraction_Text_8": "{{i18n:MEEP.Blooper}}",
                        "MEEP_CloseupInteraction_Image_9": "{{ModID}}/Banner",
                        "MEEP_CloseupInteraction_Text_9": "{{i18n:MEEP.Blooper.Description}}"
                    }
                }
            ]
        },
        {
            "LogName": "EnD Eli Blog - Fog Hounds",
            "Action": "EditMap",
            "Target": "Maps/{{ModID}}_ESEDHouse",
            "When": {
                "HasSeenEvent |contains=EnD.Eli.11": true
            },
            "MapTiles": [
                {
                    "Position": {
                        "X": 8,
                        "Y": 4
                    },
                    "Layer": "Buildings",
                    "SetProperties": {
                        "Action": "MEEP_CloseupInteractionReel",
                        "MEEP_CloseupInteraction_Image_1": "{{ModID}}/BeyondReal",
                        "MEEP_CloseupInteraction_Text_1": "{{i18n:MEEP.BeyondReal}}",

                        "MEEP_CloseupInteraction_Image_2": "{{ModID}}/KillerBunny",
                        "MEEP_CloseupInteraction_Text_2": "{{i18n:MEEP.KillerBunny}}",
                        "MEEP_CloseupInteraction_Image_3": "{{ModID}}/Banner",
                        "MEEP_CloseupInteraction_Text_3": "{{i18n:MEEP.KillerBunny.Description}}",

                        "MEEP_CloseupInteraction_Image_4": "{{ModID}}/Grindylow",
                        "MEEP_CloseupInteraction_Text_4": "{{i18n:MEEP.Grindylow}}",
                        "MEEP_CloseupInteraction_Image_5": "{{ModID}}/Banner",
                        "MEEP_CloseupInteraction_Text_5": "{{i18n:MEEP.Grindylow.Description}}",

                        "MEEP_CloseupInteraction_Image_6": "{{ModID}}/MeetingSoot",
                        "MEEP_CloseupInteraction_Text_6": "{{i18n:MEEP.MeetingSoot}}",
                        "MEEP_CloseupInteraction_Image_7": "{{ModID}}/Banner",
                        "MEEP_CloseupInteraction_Text_7": "{{i18n:MEEP.MeetingSoot.Description}}",

                        "MEEP_CloseupInteraction_Image_8": "{{ModID}}/Blooper",
                        "MEEP_CloseupInteraction_Text_8": "{{i18n:MEEP.Blooper}}",
                        "MEEP_CloseupInteraction_Image_9": "{{ModID}}/Banner",
                        "MEEP_CloseupInteraction_Text_9": "{{i18n:MEEP.Blooper.Description}}",

                        "MEEP_CloseupInteraction_Image_10": "{{ModID}}/Foghound",
                        "MEEP_CloseupInteraction_Text_10": "{{i18n:MEEP.Foghound}}",
                        "MEEP_CloseupInteraction_Image_11": "{{ModID}}/Banner",
                        "MEEP_CloseupInteraction_Text_11": "{{i18n:MEEP.Foghound.Description}}"
                    }
                }
            ]
        }
    ]
}