{
    "Changes": [
  
      {
        "LogName": "Eli & Dylan Special Orders",
        "Action": "EditData",
        "Target": "Data/SpecialOrders",
        "Entries": {
          "Eli.SpecialOrders.FairyRingOffering": {
            "Name": "[NovaEli.SpecialOrders.FairyRingOffering_Name]",
            "Requester": "Nova.Eli",
            "Duration": "Month",
            "Repeatable": "false",
            "RequiredTags": "event_EnD.Eli.08, !dropbox_EliBox",
            "OrderType": "EliDylan",
            "SpecialRule": "",
            "Text": "[NovaEli.SpecialOrders.FairyRingOffering_Text]",
            "ItemToRemoveOnEnd": null,
            "MailToRemoveOnEnd": null,
            "RandomisedElements": null,
            "Objectives": [
              {
                "Type": "Donate",
                "Text": "[NovaEli.SpecialOrders.FairyRingOffering.Objective_0_Text]",
                "RequiredCount": "25",
                "Data": {
                  "DropBox": "EliBox",
                  "DropBoxGameLocation": "TenebrousNova.EliDylan.CP_ESEDHouse",
                  "DropBoxIndicatorLocation": "1 8",
                  "AcceptedContextTags": "category_greens/category_flowers/category_fruits/category_vegetable/category_egg/category_milk"
                }
              }
            ],
            "Rewards": [
              {
                "Type": "Money",
                "Data": {
                  "Amount": "10000"
                }
              },
              {
                "Type": "Mail",
                "Data": {
                  "MailReceived": "FairyRingMail",
                  "NoLetter": "true"
                }
              }
            ]
          },
          "Dylan.SpecialOrders.DroneComponents": {
            "Name": "[NovaDylan.SpecialOrders.DroneComponents_Name]",
            "Requester": "Nova.Dylan",
            "Duration": "Month",
            "Repeatable": "false",
            "RequiredTags": "event_EnD.Dylan.08, !dropbox_RobinWood",
            "OrderType": "EliDylan",
            "SpecialRule": "",
            "Text": "[NovaDylan.SpecialOrders.DroneComponents_Text]",
            "ItemToRemoveOnEnd": null,
            "MailToRemoveOnEnd": null,
            "RandomisedElements": null,
            "Objectives": [
              {
                "Type": "Donate",
                "Text": "[NovaDylan.SpecialOrders.DroneComponents.Objective_0_Text]",
                "RequiredCount": 5,
                "Data": {
                  "DropBox": "RobinWood",
                  "DropBoxGameLocation": "ScienceHouse",
                  "DropBoxIndicatorLocation": "10.5 18",
                  "AcceptedContextTags": "item_copper_bar"
                }
              },
              {
                "Type": "Donate",
                "Text": "[NovaDylan.SpecialOrders.DroneComponents.Objective_1_Text]",
                "RequiredCount": 5,
                "Data": {
                  "DropBox": "RobinWood",
                  "DropBoxGameLocation": "ScienceHouse",
                  "DropBoxIndicatorLocation": "10.5 18",
                  "AcceptedContextTags": "item_iron_bar"
                }
              },
              {
                "Type": "Donate",
                "Text": "[NovaDylan.SpecialOrders.DroneComponents.Objective_2_Text]",
                "RequiredCount": 5,
                "Data": {
                  "DropBox": "RobinWood",
                  "DropBoxGameLocation": "ScienceHouse",
                  "DropBoxIndicatorLocation": "10.5 18",
                  "AcceptedContextTags": "item_gold_bar"
                }
              },
              {
                "Type": "Donate",
                "Text": "[NovaDylan.SpecialOrders.DroneComponents.Objective_3_Text]",
                "RequiredCount": 3,
                "Data": {
                  "DropBox": "RobinWood",
                  "DropBoxGameLocation": "ScienceHouse",
                  "DropBoxIndicatorLocation": "10.5 18",
                  "AcceptedContextTags": "item_battery_pack"
                }
              }
            ],
            "Rewards": [
              {
                "Type": "Mail",
                "Data": {
                  "MailReceived": "DroneMail",
                  "NoLetter": "false"
                }
              }
            ]
          }
        }
      },

      {
        "Action": "EditData",
        "Target": "Mods/EastScarp/DurationOverride",
        "Entries": {
           "Eli.SpecialOrders.FairyRingOffering": "-1",
           "Dylan.SpecialOrders.DroneComponents": "-1"
        }
      },

      {
        "LogName": "Eli & Dylan Special Orders Strings",
        "Action": "EditData",
        "Target": "Strings/SpecialOrderStrings",
        "Entries": {
          "NovaEli.SpecialOrders.FairyRingOffering_Name": "{{i18n:SpecialOrders.FairyRingOffering.Name}}",
          "NovaEli.SpecialOrders.FairyRingOffering_Text": "{{i18n:SpecialOrders.FairyRingOffering.Text}}",
          "NovaEli.SpecialOrders.FairyRingOffering.Objective_0_Text": "{{i18n:SpecialOrders.FairyRingOffering.ObjectiveText.1}}",
          "NovaDylan.SpecialOrders.DroneComponents_Name": "{{i18n:SpecialOrders.DroneComponents.Name}}",
          "NovaDylan.SpecialOrders.DroneComponents_Text": "{{i18n:SpecialOrders.DroneComponents.Text}}",
          "NovaDylan.SpecialOrders.DroneComponents.Objective_0_Text": "{{i18n:SpecialOrders.DroneComponents.ObjectiveText.1}}",
          "NovaDylan.SpecialOrders.DroneComponents.Objective_1_Text": "{{i18n:SpecialOrders.DroneComponents.ObjectiveText.2}}",
          "NovaDylan.SpecialOrders.DroneComponents.Objective_2_Text": "{{i18n:SpecialOrders.DroneComponents.ObjectiveText.3}}",
          "NovaDylan.SpecialOrders.DroneComponents.Objective_3_Text": "{{i18n:SpecialOrders.DroneComponents.ObjectiveText.4}}"
        }
      }
    ]
  }