{ 
    "Changes": [
      {
        "LogName": "Mouse Shop Tile",
        "Action": "EditMap",
        "Target": "Maps/{{ModID}}_ESEDHouse",
        "When": {
          "Weather |contains=Storm": false,
				  "HasSeenEvent |contains=EnD.Critters.04": "true"
        },
        "MapTiles": [
          {
            "Position": {
              "X": 25,
              "Y": 13
            },
            "Layer": "Buildings",
            "SetProperties": {
              "Action": "OpenShop EnD.MouseShop none 600 2600"
            }
          }
        ]
      },

        //Adds the actual shop.

      {
        "Action": "EditData",
        "Target": "Data/Shops",
        "Condition": "PLAYER_HAS_SEEN_EVENT Current EnD.Critters.04",
        "When": {
          "Weather |contains=Storm": false
        },
        "Entries": {
          "EnD.MouseShop": {
            "Id": "EnD.MouseShop",
            "Owners": [ //don't need this
              {
                "Name": "AnyOrNone",
                "Id": "EnD.MouseShoppe",
                "Condition": "TIME 600 2400",
                "Portrait": "{{InternalAssetKey: Assets/Images/MousePortraits.png}}",
                "Dialogues": [
                  {
                    "Dialogue": "{{i18n:Shops.MouseShopOpen.{{Random:{{Range: 1, 3}}}}}}"
                  }
                ]
              },
              {
                "Name": "None",
                "Id": "EnD.MouseShoppeClosed",
                "Condition": "WEATHER Here Storm",
                "Dialogues": [
                  {
                    "Dialogue": "{{i18n:Shops.MouseShopClosed}}"
                  }
                ]
              }
            ],
            "Items": [
              {
                "ID": "{{ModID}}_ChaosTotem",
                "Condition": "PLAYER_HAS_MAIL Current EliLetter1 Received",
                "ItemID": "{{ModID}}_ChaosTotem",
                "Price": 250
              },
              {
                "ID": "{{ModID}}_JunimoTotem",
                "Condition": "PLAYER_HAS_SEEN_EVENT Current EnD.Eli.12",
                "ItemID": "{{ModID}}_JunimoTotem",
                "Price": 300
              },
              {
                "ID": "{{ModID}}_MandrakeRootSeeds",
                "Condition": "PLAYER_HAS_MAIL Current EliLetter2 Received",
                "ItemID": "{{ModID}}_MandrakeRootSeeds",
                "Price": 30
              },
              {
                "ID": "{{ModID}}_SanguineHeartSeeds",
                "Condition": "PLAYER_HAS_MAIL Current EliLetter3 Received",
                "ItemID": "{{ModID}}_SanguineHeartSeeds",
                "Price": 40
              },
              {
                "ID": "{{ModID}}_BeholderFruitSeeds",
                "Condition": "PLAYER_HAS_MAIL Current {{ModID}}_SeedGift_Received Any",
                "ItemID": "{{ModID}}_BeholderFruitSeeds",
                "Price": 50
              },
              {
                "ID": "{{ModID}}_DragonEyeSeeds",
                "Condition": "PLAYER_HAS_MAIL Current DylanGift Received",
                "ItemID": "{{ModID}}_DragonEyeSeeds",
                "Price": 50
              },
              {
                "ID": "{{ModID}}_CrystallineLilySeeds",
                "Condition": "PLAYER_HAS_MAIL Current SentinelLetter Received",
                "ItemID": "{{ModID}}_CrystallineLilySeeds",
                "Price": 60
              },
              {
                "ID": "{{ModID}}_PixieBloomSeeds",
                "Condition": "PLAYER_HAS_SEEN_EVENT Current EnD.Critters.03",
                "ItemID": "{{ModID}}_PixieBloomSeeds",
                "Price": 60
              },
              {
                "ID": "{{ModID}}_BluffshroomStarter",
                "Condition": "PLAYER_HAS_MAIL Current DemetriusCaveLetter Received",
                "ItemID": "{{ModID}}_BluffshroomStarter",
                "Price": 50
              }
            ]
          }
        }
      },

      {
        "LogName": "Mouse Shop - Cornucopia",
        "Action": "EditData",
        "Target": "Data/Shops",
        "TargetField": [ "EnD.MouseShop", "Items" ],
        "When": {
          "HasMod": "Cornucopia.MoreCrops",
          "Weather |contains=Storm": false
        },
        "Entries": {
          "EnD.MouseShop.Cornucopia.JuniperSeeds": {
            "ID": "Cornucopia_JuniperBerriesSeeds",
            "Condition": "SEASON Winter",
            "ItemID": "Cornucopia_JuniperBerriesSeeds",
            "IgnoreShopPriceModifiers": true
          },
          "EnD.MouseShop.Cornucopia.ElderberrySeeds": {
            "ID": "Cornucopia_ElderberriesSeeds",
            "Condition": "YEAR 2, SEASON Winter",
            "ItemID": "Cornucopia_ElderberriesSeeds",
            "IgnoreShopPriceModifiers": true
          }
        }
      },

      {
        "LogName": "Mouse Shop - Rodney",
        "Action": "EditData",
        "Target": "Data/Shops",
        "TargetField": [ "EnD.MouseShop", "Items" ],
        "When": {
          "HasMod": "TheFrenchDodo.WWWA",
          "Weather |contains=Storm": false
        },
        "Entries": {
          "EnD.MouseShop.Rodney": {
            "ID": "EnD.MouseShop.Rodney",
            "ItemId": "WWWA.AutographedPhoto",
            "Price": 1000
          }
        }
      }
    ]
}