{
    "Changes": 

        [

{
    "LogName": "Map Strings",
    "Action": "EditData",
    "Target": "strings/StringsFromMaps",
    "Entries": 
        {
			
      //House Strings
	  
        "SootBed": "{{i18n:Strings.House.SootBed}}", 
		"EliTrash": "{{i18n:Strings.House.EliTrash}}",
		"EliNightstand": "{{i18n:Strings.House.EliNightStand.1}}{{i18n:Strings.House.EliNightStand.{{Random:{{Range:2, 4}}}}}}",
		"EliLaptop": "{{i18n:Strings.House.EliLaptop.1}}",
		"EliBooks1": "{{i18n:Strings.House.EliBooks.1}}",
		"EliBooks2": "{{i18n:Strings.House.EliBooks.2}}",
		"EliDrawer": "{{i18n:Strings.House.EliDrawer}}",
		"EliPlant": "{{i18n:Strings.House.EliPlant}}",
		"EliJojaLetter": "{{i18n:Strings.House.EliJojaLetter}}",
		
		"DylanTrash": "{{i18n:Strings.House.DylanTrash}}",
		"DylanDresser": "{{i18n:Strings.House.DylanDresser}}",
		"DylanShip": "{{i18n:Strings.House.DylanShip}}",
		"DylanPC": "{{i18n:Strings.House.DylanPC}}",
		"DylanBooks1": "{{i18n:Strings.House.DylanBooks.1}}",
		"DylanBooks2": "{{i18n:Strings.House.DylanBooks.2}}",
		"DylanDrawer": "{{i18n:Strings.House.DylanDrawer}}",
		
		"EDMailBox": "{{i18n:Strings.House.EDMailBox}}",
		"EDRadio": "{{ED_Radio}}",
		"EDTV": "{{i18n:Strings.House.EDTV}}",
		"EDConsole": "{{i18n:Strings.House.EDConsole}}",
		"EDTrash": "{{i18n:Strings.House.EDTrash}}",
		"EDFridge": "{{i18n:Strings.House.EDFridge}}",
		"EDPoster1": "{{i18n:Strings.House.EDPoster.1}}",
		"EDPoster2": "{{i18n:Strings.House.EDPoster.2}}",
		"EDPoster3": "{{i18n:Strings.House.EDPoster.3}}",
		"EDPoster4": "{{i18n:Strings.House.EDPoster.4}}",
		"EDPainting1": "{{i18n:Strings.House.EDPainting1}}",
		"EDPainting2": "{{i18n:Strings.House.EDPainting2}}",
		"EDPainting3": "{{i18n:Strings.House.EDPainting3}}",
		"EDPainting4": "{{i18n:Strings.House.EDPainting4}}",
		"EDPainting5": "{{i18n:Strings.House.EDPainting5}}",
		"EDAquarium": "{{i18n:Strings.House.EDAquarium}}",
		"EDNotes": "{{i18n:Strings.House.EDNotes}}",
		"EDBooks": "{{i18n:Strings.House.EDBooks}}",
		"EDNano": "{{i18n:Strings.House.EDNano}}",
		"EDJars": "{{i18n:Strings.House.EDJars}}",
		"EDMouse": "{{i18n:Strings.House.EDMouse.{{Random:{{Range:1, 8}}}}}}",
		"EDMouse2": "{{ED_Mousehole}}",
		"EDLockedDoor": "{{i18n:Strings.House.EDLockedDoor}}",

		"EDGuestRoomWindow": "{{GuestRoom_Window}}",
		"EDGuestRoomRadio": "{{GuestRoom_Radio}}",
		"EDGuestRoomTotem": "{{i18n:Strings.House.EDGuestRoomTotem}}",
		"EDGuestRoomPainting": "{{i18n:Strings.House.EDGuestRoomPainting}}",
		"EDGuestRoomBed": "{{i18n:Strings.House.EDGuestRoomBed}}",
		"EDGuestRoomDrawer": "{{i18n:Strings.House.EDGuestRoomDrawer}}",
		"EDGuestRoomBook": "{{i18n:Strings.House.EdGuestRoomBook}}",
		"EDGuestRoomJournal": "{{GuestRoom_Journal}}",

		//Mushroom Cave

		"EDMushroomCliff": "{{i18n:Strings.MushroomCave.Cliff}}",

		//Misc. Strings

		"SnowzillaFestival": "{{i18n:Strings.SnowzillaFestival}}"
		
        }
}
    ]

}