
{
	"Changes": [

		{
			"LogName": "Dylan Strings",
			"Action": "EditData",
			"Target": "Strings/schedules/Nova.Dylan",
			"Entries": {
					//Strings
	
					"DylanSpiritEveInn.000": "{{i18n:Strings.NovaDylan.SpiritEveInn.1}}",
					"DylanSpiritEveInn.001": "{{i18n:Strings.NovaDylan.SpiritEveInn.2}}",
					"DylanClinic.000": "{{i18n:Strings.NovaDylan.ClinicAppointment.1}}",
					"DylanClinic.001": "{{i18n:Strings.NovaDylan.ClinicAppointment.2}}",
					"DylanClinic.002": "{{i18n:Strings.NovaDylan.ClinicAppointment.3}}",
					"DylanClinic.003": "{{i18n:Strings.NovaDylan.ClinicAppointment.4}}",
					"DylanClinic.004": "{{i18n:Strings.NovaDylan.ClinicAppointment.5}}",
					"DylanClinic.005": "{{i18n:Strings.NovaDylan.ClinicAppointment.6}}"
			}
		}


	]
}