{
	"Changes": [

	/*Directions: 0 = UP, 1 = RIGHT, 2 = DOWN, 3 = LEFT

	Emotes:

	4- empty can
	8- question mark
	12- angry
	16- exclamation
	20- heart
	24- sleep
	28- sad
	32- happy
	36- x
	40- pause
	52- video game
	56- music note
	60- blush*/

    //Intro

	{
		"LogName": "Dylan Introduction",
		"Action": "EditData",
		"Target": "Data/Events/EastScarp_Village",
		"Entries": {

			"EnD.Dylan.01/w sunny/t 900 1500/":
			"ocean/58 99/farmer 63 94 2 Nova.Dylan 57 103 3/ignoreCollisions farmer/addConversationTopic DylanIntro 3/skippable/animate Nova.Dylan false true 90 38 38 38 38 38 38 38 38 38 38 38 38 38 38 37 37 37 36 37 36 37 36 37 36 37 36 37 36 37 36 37 36 38 38 38 38 38 38 38 38 37 36 37 36 37 36 37 36 37 36/viewport move 0 1 3500/advancedMove farmer false 0 9 3 10/pause 3000/emote Nova.Dylan 56 true/pause 2000/emote farmer 8/advancedMove farmer false -2 0 3 10/pause 500/stopAnimation Nova.Dylan/advancedMove Nova.Dylan false 1 0 1 10/pause 500/emote Nova.Dylan 16/speak Nova.Dylan \"{{i18n:Events.DylanIntro.NovaDylan.1}}\"/emote farmer 40/speak Nova.Dylan \"{{i18n:Events.DylanIntro.NovaDylan.2}}\"/quickQuestion {{i18n:Events.DylanIntro.Question.1}}(break)speak Nova.Dylan \"{{i18n:Events.DylanIntro.Question.1.Response.1}}\"(break)speak Nova.Dylan \"{{i18n:Events.DylanIntro.Question.1.Response.2}}\"(break)speak Nova.Dylan \"{{i18n:Events.DylanIntro.Question.1.Response.3}}\"/pause 500/speak Nova.Dylan \"{{i18n:Events.DylanIntro.NovaDylan.3}}\"/emote Nova.Dylan 40/speak Nova.Dylan \"{{i18n:Events.DylanIntro.NovaDylan.4}}\"/emote farmer 32/advancedMove Nova.Dylan false -1 0 0 -1 -1 0 0 -2 -3 0 2 10/advancedMove farmer false -4 0 0 -1 -1 0 0 -2 -2 0 2 10/viewport move -1 -1 3500/pause 5500/showFrame Nova.Dylan 27/speak Nova.Dylan \"{{i18n:Events.DylanIntro.NovaDylan.5}}\"/showFrame farmer 4/pause 1000/globalFade/viewport -1000 -1000/pause 1000/changeLocation TenebrousNova.EliDylan.CP_DylanTidePool/viewport 12 8/viewport move 0 1 5/globalFadeToClear/playMusic junimoKart_whaleMusic/pause 5000/speak Nova.Dylan \"{{i18n:Events.DylanIntro.NovaDylan.6}}\"/pause 2000/speak Nova.Dylan \"{{i18n:Events.DylanIntro.NovaDylan.7}}\"/pause 2000/globalFade/viewport -1000 -1000/showFrame Nova.Dylan 0/changeLocation EastScarp_Village/bgColor 0 0 0/ambientLight 0 0 0/viewport 53 101/viewport move 0 1 5/globalFadeToClear/playMusic ocean/pause 1000/faceDirection Nova.Dylan 1/pause 500/faceDirection farmer 3/speak Nova.Dylan \"{{i18n:Events.DylanIntro.NovaDylan.8}}\"/emote farmer 20/emote Nova.Dylan 32/pause 500/speak Nova.Dylan \"{{i18n:Events.DylanIntro.NovaDylan.9}}\"/emote farmer 32/viewport move 1 0 3500/advancedMove farmer false 2 0 0 2 6 0 0 -10 4 10/pause 1000/advancedMove Nova.Dylan false 3 0 0 -1 1 10/pause 3000/animate Nova.Dylan false true 90 34 34 34 34 34 34 34 34 34 34 34 34 34 34 32 32 32 33 32 33 32 33 32 33 32 33 32 33 32 33 32 33 34 34 34 34 34 34 34 34 32 33 32 33 32 33 32 33 32 33/pause 1000/globalFade/viewport -1000 -1000/stopAdvancedMoves/end"

		}
	},

	{
		"LogName": "Dylan 2 Hearts",
		"Action": "EditData",
		"Target": "Data/Events/Beach",
		"Entries": {
			"EnD.Dylan.02/f Nova.Dylan 500/A DylanIntro/w sunny/t 0900 1500/F/e EnD.Dylan.01":
			"ocean/38 1/farmer 999 999 2 Nova.Dylan 38 0 2 Elliott 999 999 2 Leah 999 999 2/addConversationTopic DylanBeach 3/mail DylanCleanupLetter/skippable/ignoreCollisions farmer/addObject 33 12 167 2/addObject 40 9 168 2/addObject 44 13 170 2/addObject 29 6 171 2/addObject 34 7 172 2/addObject 42 7 167 2/addObject 30 12 170 2/addObject 42 15 172 2/addObject 28 15 168 2/addObject 35 17 171 2/addObject 45 17 504 2/addObject 54 21 172 2/addObject 42 24 167 2/addObject 39 21 170 2/addObject 51 20 168 2/advancedMove Nova.Dylan false 0 10 2 10/pause 1000/emote Nova.Dylan 56/pause 1000/viewport move 0 1 2500/pause 1250/emote Nova.Dylan 16/showFrame Nova.Dylan 48/pause 500/speak Nova.Dylan \"{{i18n:Events.DylanBeach.NovaDylan.1}}\"/pause 500/showFrame Nova.Dylan 49/pause 500/showFrame Nova.Dylan 50/pause 500/faceDirection Nova.Dylan 3/pause 500/faceDirection Nova.Dylan 1/pause 500/faceDirection Nova.Dylan 2/warp farmer 38 0/advancedMove farmer false 0 8 2 10/shake Nova.Dylan 2000/speak Nova.Dylan \"{{i18n:Events.DylanBeach.NovaDylan.2}}\"/pause 500/faceDirection Nova.Dylan 0/pause 500/speak Nova.Dylan \"{{i18n:Events.DylanBeach.NovaDylan.3}}\"/advancedMove farmer false 1 0 0 2 2 10/pause 500/faceDirection Nova.Dylan 1/pause 1500/emote farmer 16/pause 50/jump farmer 8 true/showFrame farmer 94/startJittering/pause 2500/stopJittering/showFrame farmer 0/speak Nova.Dylan \"{{i18n:Events.DylanBeach.NovaDylan.4}}\"/faceDirection farmer 3/pause 250/emote farmer 40/speak Nova.Dylan \"{{i18n:Events.DylanBeach.NovaDylan.5}}\"/advancedMove Nova.Dylan false 0 4 2 10/advancedMove farmer false 0 4 2 10/viewport move 0 -1 1500 true/globalFade/viewport -1000 -1000/warp farmer 999 999/warp Nova.Dylan 999 999/pause 1000/warp farmer 46 24/warp Nova.Dylan 48 22/viewport 47 22/playMusic CloudCountry/advancedMove Nova.Dylan false 3 0 4 1000 2 0 1 1000/advancedMove farmer false -4 0 2 750 0 -3 -2 0 3 1000/pause 2000/removeSprite 42 24/playSound pickUpItem/pause 500/removeSprite 51 20/playSound pickUpItem/pause 2000/removeSprite 54 21/playSound pickUpItem/pause 1000/removeSprite 39 21/playSound pickUpItem/pause 250/faceDirection farmer 1/pause 500/jump farmer/faceDirection Nova.Dylan 3/emote farmer 56/emote Nova.Dylan 32/viewport move 0 -1 1500 true/globalFade/viewport -1000 -1000/warp farmer 999 999/warp Nova.Dylan 999 999/removeSprite 29 6/removeSprite 34 7/removeSprite 42 7/removeSprite 30 12/removeSprite 33 12/removeSprite 44 13/removeSprite 40 9/removeSprite 28 15/removeSprite 42 15/removeSprite 35 17/removeSprite 45 17/pause 1000/warp farmer 32 9/faceDirection farmer 3/warp Nova.Dylan 30 9/faceDirection Nova.Dylan 1/viewport 35 9/pause 250/textAboveHead Nova.Dylan \"{{i18n:Events.DylanBeach.NovaDylan.6}}\"/pause 2500/speak Nova.Dylan \"{{i18n:Events.DylanBeach.NovaDylan.7}}\"/emote farmer 20/speak Nova.Dylan \"{{i18n:Events.DylanBeach.NovaDylan.8}}\"/quickQuestion {{i18n:Events.DylanBeach.Question.1}}(break)speak Nova.Dylan \"{{i18n:Events.DylanBeach.Question.1.Response.1}}\"(break)speak Nova.Dylan \"{{i18n:Events.DylanBeach.Question.1.Response.2}}\"/faceDirection Nova.Dylan 2/pause 500/showFrame Nova.Dylan 41/speak Nova.Dylan \"{{i18n:Events.DylanBeach.NovaDylan.9}}\"/pause 250/advancedMove Nova.Dylan false -3 0 0 20 2 10/faceDirection farmer 2/emote farmer 32/advancedMove farmer false 5 0 0 -10 4 10/pause 1500/viewport move 0 2 1500/pause 1000/viewport move 2 0 6000/pause 5000/stopAdvancedMoves/warp farmer 999 999/playSound doorClose/warp Elliott 49 11/advancedMove Elliott false 0 1 -1 0 1 100/pause 500/playSound doorClose/warp Leah 49 11/advancedMove Leah false 0 1 3 100/pause 1500/speak Elliott \"{{i18n:Events.DylanBeach.Elliott.1}}\"/pause 250/speak Leah \"{{i18n:Events.DylanBeach.Leah.1}}\"/textAboveHead Elliott \"{{i18n:Events.DylanBeach.Elliott.2}}\"/advancedMove Elliott false -5 0 3 100/advancedMove Leah false -5 0 0 1 -1 0 3 100/pause 3000/textAboveHead Leah \"{{i18n:Events.DylanBeach.Leah.2}}\"/pause 1500/speak Elliott \"{{i18n:Events.DylanBeach.Elliott.3}}\"/speak Leah \"{{i18n:Events.DylanBeach.Leah.3}}\"/emote Elliott 32/pause 500/globalFade/viewport -1000 -1000/end"
		}
	},

	{
		"LogName": "Dylan 3 Hearts Part 1",
		"Action": "EditData",
		"Target": "Data/Events/Town",
		"Entries": {
			"EnD.Dylan.03/f Nova.Dylan 750/A DylanBeach/w rainy/t 1900 2200/F/e EnD.Dylan.02":
			"continue/43 74/farmer 38 80 0 Nova.Dylan 45 73 0 Nova.Eli 999 999 0 Pam 999 999 2 Leah 25 72 1 Elliott 24 72 1 Sam 39 68 2 Abigail 37 60 2 Sebastian 37 59 2/ignoreCollisions farmer/addConversationTopic DylanTown 3/skippable/animate Sam false true 125 16 17 18 19/advancedMove farmer false 0 -7 1 10/pause 1000/emote Nova.Dylan 28 true/pause 2600/emote farmer 8/pause 500/speak Nova.Dylan \"{{i18n:Events.DylanTown.NovaDylan.1}}\"/advancedMove farmer false 5 0 1 10/pause 100/shake Nova.Dylan 2000/pause 2250/faceDirection Nova.Dylan 3/emote Nova.Dylan 16/speak Nova.Dylan \"{{i18n:Events.DylanTown.NovaDylan.2}}\"/pause 500/advancedMove Nova.Dylan false 3 0 1 2000 -2 0 3 10/pause 2000/shake Nova.Dylan 900/pause 1500/playMusic echos/speak Nova.Dylan \"{{i18n:Events.DylanTown.NovaDylan.3}}\"/emote farmer 36/quickQuestion {{i18n:Events.DylanTown.Question.1}}(break)speak Nova.Dylan \"{{i18n:Events.DylanTown.Question.1.Response.1}}\"(break)speak Nova.Dylan \"{{i18n:Events.DylanTown.Question.1.Response.2}}\"/faceDirection Nova.Dylan 2/pause 500/showFrame Nova.Dylan 40/advancedMove Leah false 17 0 1 10/advancedMove Elliott false 17 0 0 1 1 0 1 10/speak Nova.Dylan \"{{i18n:Events.DylanTown.NovaDylan.4}}\"/emote farmer 40/emote Nova.Dylan 28/pause 1000/speak Elliott \"{{i18n:Events.DylanTown.Elliott.1}}\"/stopAnimation Nova.Dylan/faceDirection Nova.Dylan 3 true/faceDirection farmer 3/speak Leah \"{{i18n:Events.DylanTown.Leah.1}}\"/advancedMove farmer false 0 1 3 0 3 10/pause 250/speak Elliott \"{{i18n:Events.DylanTown.Elliott.2}}\"/emote Nova.Dylan 40/speak Nova.Dylan \"{{i18n:Events.DylanTown.NovaDylan.5}}\"/advancedMove Nova.Dylan false 1 0 1 1000 3 10/speak Elliott \"{{i18n:Events.DylanTown.Elliott.3}}\"/speak Leah \"{{i18n:Events.DylanTown.Leah.2}}\"/advancedMove Leah false 3 0 0 -1 4 10/pause 2500/shake Leah 500/playSound doorClose/warp Leah 999 999/advancedMove Elliott false 3 0 1 10/pause 1000/speak Elliott \"{{i18n:Events.DylanTown.Elliott.4}}\"/emote Nova.Dylan 40/advancedMove Nova.Dylan false -1 0 3 10/advancedMove Abigail false 0 9 1 100/advancedMove Sebastian false 0 9 1 100/stopAnimation Sam/faceDirection Sam 3/speak Nova.Dylan \"{{i18n:Events.DylanTown.NovaDylan.6}}\"/speak Elliott \"{{i18n:Events.DylanTown.Elliott.5}}\"/faceDirection farmer 0/emote Nova.Dylan 40/emote Nova.Dylan 32/pause 250/advancedMove Abigail false 0 5 1 100/advancedMove Sebastian false 0 5 1 100/pause 150/advancedMove Sam false -2 0 0 4 1 100/speak Nova.Dylan \"{{i18n:Events.DylanTown.NovaDylan.7}}\"/emote Elliott 32/stopMusic/playSound potterySmash/pause 250/playSound breakingGlass/pause 100/playSound doorClose/warp Nova.Eli 45 71/faceDirection Nova.Dylan 3/positionOffset Nova.Eli 0 4/pause 5/positionOffset Nova.Eli 0 4/pause 5/positionOffset Nova.Eli 0 4/pause 5/positionOffset Nova.Eli 0 4/pause 5/showFrame Nova.Eli 9/positionOffset Nova.Eli 0 4/pause 5/positionOffset Nova.Eli 0 4/pause 5/positionOffset Nova.Eli 0 4/pause 5/positionOffset Nova.Eli 0 4/pause 5/showFrame Nova.Eli 10/pause 250/playSound doorClose/warp Pam 45 71/advancedMove Pam false 0 1 2 10/emote Abigail 28 true/positionOffset Nova.Eli 0 4/pause 5/positionOffset Nova.Eli 0 4/pause 5/positionOffset Nova.Eli 0 4/pause 5/positionOffset Nova.Eli 0 4/pause 5/showFrame Nova.Eli 9/positionOffset Nova.Eli 0 4/pause 5/positionOffset Nova.Eli 0 4/pause 5/positionOffset Nova.Eli 0 4/pause 5/positionOffset Nova.Eli 0 4/pause 5/showFrame Nova.Eli 10/warp Leah 45 71/faceDirection Leah 2/emote Leah 28 true/positionOffset Nova.Eli 0 4/pause 5/positionOffset Nova.Eli 0 4/pause 5/positionOffset Nova.Eli 0 4/pause 5/positionOffset Nova.Eli 0 4/pause 5/showFrame Nova.Eli 9/positionOffset Nova.Eli 0 4/pause 5/positionOffset Nova.Eli 0 4/pause 5/positionOffset Nova.Eli 0 4/pause 5/positionOffset Nova.Eli 0 4/pause 5/showFrame Nova.Eli 10/emote Elliott 16 true/positionOffset Elliott -4 0/pause 5/positionOffset Elliott -4 0/pause 5/positionOffset Elliott -4 0/pause 5/positionOffset Elliott -4 0/pause 5/showFrame Elliott 5/positionOffset Elliott -4 0/pause 5/positionOffset Elliott -4 0/pause 5/positionOffset Elliott -4 0/pause 5/positionOffset Elliott -4 0/pause 5/showFrame Elliott 4/positionOffset Nova.Eli 0 4/pause 5/positionOffset Nova.Eli 0 4/pause 5/positionOffset Nova.Eli 0 4/pause 5/positionOffset Nova.Eli 0 4/pause 5/showFrame Nova.Eli 9/positionOffset Nova.Eli 0 4/pause 5/positionOffset Nova.Eli 0 4/pause 5/positionOffset Nova.Eli 0 4/pause 5/positionOffset Nova.Eli 0 4/pause 5/showFrame Nova.Eli 10/positionOffset Elliott -4 0/pause 5/positionOffset Elliott -4 0/pause 5/positionOffset Elliott -4 0/pause 5/positionOffset Elliott -4 0/pause 5/showFrame Elliott 5/positionOffset Elliott -4 0/pause 5/positionOffset Elliott -4 0/pause 5/positionOffset Elliott -4 0/pause 5/positionOffset Elliott -4 0/pause 5/showFrame Elliott 4/textAboveHead Nova.Eli \"{{i18n:Events.DylanTown.NovaEli.1}}\"/pause 500/positionOffset Nova.Eli 0 4/pause 5/positionOffset Nova.Eli 0 4/pause 5/positionOffset Nova.Eli 0 4/pause 5/positionOffset Nova.Eli 0 4/pause 5/showFrame Nova.Eli 9/positionOffset Nova.Eli 0 4/pause 5/positionOffset Nova.Eli 0 4/pause 5/positionOffset Nova.Eli 0 4/pause 5/positionOffset Nova.Eli 0 4/pause 5/showFrame Nova.Eli 10/positionOffset Nova.Eli 0 4/pause 5/positionOffset Nova.Eli 0 4/pause 5/positionOffset Nova.Eli 0 4/pause 5/positionOffset Nova.Eli 0 4/pause 5/showFrame Nova.Eli 9/positionOffset Nova.Eli 0 4/pause 5/positionOffset Nova.Eli 0 4/pause 5/positionOffset Nova.Eli 0 4/pause 5/positionOffset Nova.Eli 0 4/pause 5/showFrame Nova.Eli 10/advancedMove Pam false 0 1 2 10/pause 250/faceDirection farmer 3/emote Nova.Dylan 16 true/advancedMove Leah false 0 1 -1 0 1 10/speak Pam \"{{DylanTown_Pam}}\"/textAboveHead Sebastian \"{{i18n:Events.DylanTown.Sebastian.1}}\"/advancedMove Sebastian false -15 0 3 100/speak Nova.Eli \"{{i18n:Events.DylanTown.NovaEli.2}}\"/jump Sam/textAboveHead Sam \"{{i18n:Events.DylanTown.Sam.1}}\"/pause 500/faceDirection Abigail 0/textAboveHead Abigail \"{{i18n:Events.DylanTown.Abigail.1}}\"/speak Pam \"{{i18n:Events.DylanTown.Pam.2}}\"/speak Nova.Eli \"{{i18n:Events.DylanTown.NovaEli.3}}\"/faceDirection Abigail 1/pause 250/speak Nova.Dylan \"{{i18n:Events.DylanTown.NovaDylan.8}}\"/faceDirection Pam 1/speak Pam \"{{i18n:Events.DylanTown.Pam.3}}\"/advancedMove Abigail false -15 0 3 100/textAboveHead Abigail \"{{i18n:Events.DylanTown.Abigail.2}}\"/pause 500/advancedMove Sam false -15 0 3 100/emote Sam 60 true/speak Leah \"{{i18n:Events.DylanTown.Leah.3}}\"/faceDirection Pam 2/emote Pam 40/emote Nova.Eli 28/speak Pam \"{{i18n:Events.DylanTown.Pam.4}}\"/advancedMove Pam false 0 -2 4 10/pause 2000/shake Pam 500/playSound doorClose/warp Pam 999 999/warp Nova.Eli 45 74/advancedMove Nova.Eli false 0 -1 3 10/speak Nova.Eli \"{{i18n:Events.DylanTown.NovaEli.4}}\"/speak Leah \"{{i18n:Events.DylanTown.Leah.4}}\"/emote Elliott 32 true/faceDirection Nova.Eli 1/playMusic sadpiano/speak Nova.Eli \"{{i18n:Events.DylanTown.NovaEli.5}}\"/faceDirection farmer 0/speak Nova.Dylan \"{{i18n:Events.DylanTown.NovaDylan.9}}\"/speak Nova.Eli \"{{i18n:Events.DylanTown.NovaEli.6}}\"/emote Nova.Dylan 32 true/emote Nova.Eli 32 true/emote Leah 20/speak Nova.Dylan \"{{i18n:Events.DylanTown.NovaDylan.10}}\"/emote Elliott 56/advancedMove Nova.Dylan false 10 0 1 10/pause 150/advancedMove Nova.Eli false 10 0 1 10/globalFade/viewport -1000 -1000/end"
		}
	},
	{
		"LogName": "Dylan 3 Hearts Part 2",
		"Action": "EditData",
		"Target": "Data/Events/Saloon",
		"Entries": {
			"EnD.Dylan.04/f Nova.Dylan 750/A DylanTown/t 1700 2200/e EnD.Dylan.03":
			"Saloon1/10 20/farmer 14 23 0 Nova.Dylan 999 999 0 Nova.Eli 999 999 0 Elliott 4 19 2 Leah 2 20 1 Gus 11 18 2 Pam 7 18 1 Emily 14 17 0 Shane 21 17 2 Willy 17 22 2 Clint 19 23 3 Harvey 18 20 0 Lewis 11 23 2 Marnie 10 23 1 Sterling? 16 20 3/addConversationTopic DylanSaloon 1/mail DylanApology/skippable/ignoreCollisions farmer/animate Sterling? false true 200 16 16 16 16 16 16 16 16 16 16 16 16 16 16 16 16 16 16 16 16 16 16 16 16 16 16 16 16 16 16 16 16 16 16 16 17 18 18 18 18 18 18 18 19 19 19 18 18 19 19 17/animate Shane false true 200 20 20 20 20 20 20 20 20 20 20 21 22 23 24 24 24 24 23 22 21 20 20 20 20/animate Elliott false true 200 16 16 16 16 16 16 16 16 16 16 16 16 16 16 16 16 16 16 17 18 18 18 19 19 18 18 19 19 18 17 16 16 16 16 16 16 16 16 16 16 16 16/animate Gus false true 200 18 18 19 19 20 20 19 19/animate Elliott false true 200 16 16 16 16 16 16 16 16 16 16 16 16 16 16 16 16 16 16 17 18 18 18 19 19 18 18 19 19 18 17 16 16 16 16 16 16 16 16 16 16 16 16/animate Lewis false true 200 19 19 19 19 19 19 19 19 19 19 19 19 19 19 19 19 19 19 19 19 19 19 19 19 19 19 22 23 23 23 23 23 22 22 22 23 23 23 23 23 23 23 23 23 23 23/animate Marnie false true 200 20 20 20 20 20 20 20 20 20 20 20 20 20 20 20 20 20 20 20 20 20 20 20 20 20 20 20 20 20 20 21 22 23 23 23 23 23 23 23 23 22 21/playSound doorClose/advancedMove farmer false 0 -2 -2 0 0 -1 -1 0 4 10/pause 2250/speak Gus \"{{i18n:Events.DylanSaloon.Gus.1}}\"/quickQuestion #{{i18n:Events.DylanSaloon.Question.1.Answer.1}}#{{i18n:Events.DylanSaloon.Question.1.Answer.2}}(break)emote Gus 32 true\\speak Gus \"{{i18n:Events.DylanSaloon.Question.1.Response.1}}\"(break)emote Gus 28 true\\speak Gus \"{{i18n:Events.DylanSaloon.Question.1.Response.2}}\"/advancedMove Emily false -2 0 4 1000 -2 0 4 10/pause 250/advancedMove farmer false -3 0 3 19/pause 1900/textAboveHead Leah \"{{i18n:Events.DylanSaloon.Leah.1}}\"/emote farmer 16/pause 1500/advancedMove farmer false -3 0 0 2 -2 0 0 -1 4 10/pause 2000/emote Elliott 32/pause 1500/speak Leah \"{{i18n:Events.DylanSaloon.Leah.2}}\"/advancedMove Emily false -5 0 0 3 3 10/speak Elliott \"{{i18n:Events.DylanSaloon.Elliott.1}}\"/emote farmer 32/speak Emily \"{{i18n:Events.DylanSaloon.Emily.1}}\"/emote Leah 16 true/emote Elliott 16 true/emote farmer 16/speak Elliott \"{{i18n:Events.DylanSaloon.Elliott.2}}\"/speak Emily \"{{i18n:Events.DylanSaloon.Emily.2}}\"/pause 500/speak Leah \"{{i18n:Events.DylanSaloon.Leah.3}}\"/playSound doorClose/warp Nova.Dylan 14 23/emote Nova.Dylan 28 true/speed Nova.Dylan 4/advancedMove Nova.Dylan false 0 -2 -4 0 0 -1 -4 0 0 1 -1 0 3 10/pause 500/faceDirection Willy 3/emote Willy 8 true/pause 500/faceDirection Pam 2/pause 500/faceDirection Willy 2/faceDirection Pam 1/faceDirection Emily 2/faceDirection farmer 1/emote Emily 16/speak Nova.Dylan \"{{i18n:Events.DylanSaloon.NovaDylan.1}}\"/speak Leah \"{{i18n:Events.DylanSaloon.Leah.4}}\"/shake Nova.Dylan 1000/showFrame Nova.Dylan 39/emote Nova.Dylan 40/showFrame Nova.Dylan 12/speak Nova.Dylan \"{{i18n:Events.DylanSaloon.NovaDylan.2}}\"/emote Leah 20/speak Emily \"{{i18n:Events.DylanSaloon.Emily.3}}\"/faceDirection Nova.Dylan 0/speak Nova.Dylan \"{{i18n:Events.DylanSaloon.NovaDylan.3}}\"/emote Emily 32/faceDirection Emily 3/speak Emily \"{{i18n:Events.DylanSaloon.Emily.4}}\"/faceDirection Nova.Dylan 3/quickQuestion #{{i18n:Events.DylanSaloon.Question.2.Answer.1}}#{{i18n:Events.DylanSaloon.Question.2.Answer.2}}(break)speak Emily \"{{i18n:Events.DylanSaloon.Question.2.Response.1}}\"\\playSound coin\\faceDirection farmer 2\\showFrame farmer 90\\pause 1500\\farmerEat 346\\pause 2000\\showFrame farmer 0\\faceDirection farmer 0\\emote farmer 20(break)speak Emily \"{{i18n:Events.DylanSaloon.Question.2.Response.2}}\"/speak Emily \"{{i18n:Events.DylanSaloon.Emily.5}}\"/speak Elliott \"{{i18n:Events.DylanSaloon.Elliott.3}}\"/textAboveHead Leah \"{{i18n:Events.DylanSaloon.Leah.5}}\"/pause 1500/advancedMove Emily false 1 0 0 -3 3 0 1 10/globalFade/viewport -1000 -1000/stopAdvancedMoves/removeTile 3 19 Buildings/faceDirection Nova.Dylan 2/faceDirection farmer 0/warp Nova.Dylan 3 19/warp Emily 21 18/faceDirection Emily 0/warp Harvey 16 23/faceDirection Harvey 1/stopAnimation Gus/warp Gus 9 18/faceDirection Gus 3/showFrame Nova.Dylan 29/viewport 10 20/speak Elliott \"{{DylanSaloon_Gossip1}}\"/animate Nova.Dylan false false 200 20 21 22 23 24 24 24 24 24 24 24 23 22 21/pause 2800/stopAnimation Nova.Dylan/showFrame Nova.Dylan 30/faceDirection farmer 1/speak Nova.Dylan \"{{DylanSaloon_Gossip2}}\"/emote Elliott 32 true/speak Leah \"{{DylanSaloon_Gossip3}}\"/speak Elliott \"{{i18n:Events.DylanSaloon.Elliott.5}}\"/showFrame Nova.Dylan 29/faceDirection farmer 0/emote farmer 32 true/speak Leah \"{{i18n:Events.DylanSaloon.Leah.7}}\"/emote Nova.Dylan 40/speak Nova.Dylan \"{{i18n:Events.DylanSaloon.NovaDylan.5}}\"/speak Leah \"{{i18n:Events.DylanSaloon.Leah.8}}\"/emote Gus 20/globalFade/viewport -1000 -1000/message \"{{i18n:Events.DylanSaloon.Message.1}}\"/warp Lewis 1000 1000/warp Marnie 1000 1000/warp Harvey 1000 1000/warp Willy 1000 1000/warp Clint 1000 1000/warp Pam 2 20/stopAnimation Shane/warp Shane 8 21/faceDirection Shane 3/warp Emily 8 22/showFrame Emily 0/faceDirection Emily 3/warp Leah 6 19/animate Leah false true 200 30 31/warp farmer 8 23/faceDirection farmer 3/warp Elliott 5 19/animate Elliott false true 300 20 21 22/animate Nova.Dylan false true 200 20 20 20 20 20 20 20 20 20 20 20 20 20 20 20 20 20 20 20 20 20 20 20 20 20 20 20 20 20 20 20 20 20 20 21 22 23 24 24 24 24 24 24 24 23 22 21/stopAnimation Sterling?/warp Sterling? 3 21/faceDirection Sterling? 0/viewport 10 20/playMusic fallFest/pause 1000/emote Gus 40/speak Leah \"{{i18n:Events.DylanSaloon.Leah.9}}\"/speak Nova.Dylan \"{{i18n:Events.DylanSaloon.NovaDylan.6}}\"/pause 250/speak Pam \"{{i18n:Events.DylanSaloon.Pam.1}}\"/pause 250/{{DylanSaloon_Sterling1}}/pause 1000/textAboveHead Shane \"{{i18n:Events.DylanSaloon.Shane.1}}\"/pause 1500/speak Shane \"{{i18n:Events.DylanSaloon.Shane.2}}\"/emote Emily 40/speak Emily \"{{i18n:Events.DylanSaloon.Emily.6}}\"/playSound doorClose/warp Nova.Eli 14 23/speed Nova.Eli 4/advancedMove Nova.Eli false 0 -2 -4 0 0 -1 -2 0 3 10/temporaryAnimatedSprite EliDylan\\Particles 32 0 16 16 30000 1 50 14 23 false false 1 0 1 0 0 0/pause 250/temporaryAnimatedSprite EliDylan\\Particles 32 0 16 16 30000 1 50 14 22 false false 1 0 1 0 0 0/playSound slimeHit/pause 250/temporaryAnimatedSprite EliDylan\\Particles 32 0 16 16 30000 1 50 14 21 false false 1 0 1 0 0 0/textAboveHead Nova.Eli \"{{i18n:Events.DylanSaloon.NovaEli.1}}\"/pause 250/temporaryAnimatedSprite EliDylan\\Particles 48 0 16 16 30000 1 50 13 21 false false 1 0 1 0 0 0/pause 250/playSound slimeHit/temporaryAnimatedSprite EliDylan\\Particles 48 0 16 16 30000 1 50 12 21 false false 1 0 1 0 0 0/pause 250/temporaryAnimatedSprite EliDylan\\Particles 48 0 16 16 30000 1 50 11 21 false false 1 0 1 0 0 0/pause 250/playSound slimeHit/temporaryAnimatedSprite EliDylan\\Particles 48 0 16 16 30000 1 50 10 21 false false 1 0 1 0 0 0/faceDirection Gus 2/pause 500/emote Gus 28 true/pause 500/faceDirection Shane 0/faceDirection farmer 0/advancedMove Emily false -1 0 0 -1 4 10/pause 1000/emote Nova.Eli 16/speak Nova.Eli \"{{i18n:Events.DylanSaloon.NovaEli.2}}\"/faceDirection Sterling? 1/speak Shane \"{{i18n:Events.DylanSaloon.Shane.3}}\"/faceDirection Nova.Eli 2/emote Nova.Eli 28/speak Emily \"{{i18n:Events.DylanSaloon.Emily.7}}\"/speak Nova.Eli \"{{i18n:Events.DylanSaloon.NovaEli.3}}\"/advancedMove Nova.Eli false -3 0 3 10/advancedMove Emily false 0 1 1 0 3 10/faceDirection Shane 3/pause 1000/speak Nova.Eli \"{{i18n:Events.DylanSaloon.NovaEli.4}}\"/stopAnimation Nova.Dylan/showFrame Nova.Dylan 30/speak Nova.Dylan \"{{i18n:Events.DylanSaloon.NovaDylan.8}}\"/pause 500/speak Nova.Eli \"{{i18n:Events.DylanSaloon.NovaEli.5}}\"/emote Nova.Dylan 60 true/globalFade/viewport -1000 -1000/speak Nova.Eli \"{{i18n:Events.DylanSaloon.NovaEli.6}}\"/speak Gus \"{{i18n:Events.DylanSaloon.Gus.2}}\"/speak Nova.Dylan \"{{i18n:Events.DylanSaloon.NovaDylan.9}}\"/end"
		}
	},

	//temporaryAnimatedSprite EliDylan\\Particles 32 0 16 16 1000 1 1 X Y false false 1 0 1 0 0 0

	//Dylan 4 Hearts
	{
		"LogName": "Dylan 4 Hearts",
		"Action": "EditData",
		"Target": "Data/Events/ArchaeologyHouse",
		"Entries": {
			"EnD.Dylan.05/f Nova.Dylan 1000/A DylanSaloon/t 0800 1700/e EnD.Dylan.04":
			"libraryTheme/14 11/farmer 13 7 2 Nova.Dylan 7 12 2 Gunther 5 8 2 Penny 17 9 2 RodneyOBrien? 15 5 2 JortsCat? 6 10 2 JeanCat? 7 10 2 Nora? 20 5 0 Mateo? 25 13 2 Jasper? 19 9 2 Victor? 10 12 2/addConversationTopic DylanLibrary 3/skippable/animate RodneyOBrien? false true 100 25 25 25 25 25 25 25 25 25 25 25 25 25 25 25 25 25 25 25 25 25 25 25 25 24 24 25 25 25 25 25 25 25 25 25 25 25 25 25 25 25 25 25 25 25 25 25 25 25 25 24 24 25 25 25 25 25 25 25 25 25 25 25 25 25 25 25 25 25 25 25 25 25 25 25 25 24 24 25 25 25 25 25 25 25 25 25 25 25 25 25 25 25 25 25 25 25 25 25 25 25 25 24 24 25 25 25 25 25 25 25 25 25 25 25 25 25 25 25 25 25 25 25 25 25 25 25 25 24 24 25 25 25 25 25 25 25 25 25 25 25 25 25 25 25 25 25 25 25 25 25 25 25/animate JortsCat? false true 150 44 45 46 47 47/animate JeanCat? false true 150 36 37 38 39 39/animate Jasper? false true 200 21 21 21 21 21 21 21 21 21 21 21 21 21 21 21 21 21 20 20 20 20 20 20 20 20 20 20/animate Mateo? false true 200 25 25 25 26 26 26 26 25 25 25/animate Victor? false true 50 32 32 33 34 34 34 34 34 34 34 34 34 34 34 34 34 34 34 34 34 34 34 34 34 34 34 34 34 34 34 34 34 34 34 34 34 34 34 34 34 34 34 34 34 34 34 34 34 34 34 34 34 34 34 34 34 34 34 34 34 34 34 34 34 34 34 34 34 34 34 34 34 34 34 34 34 34 34 34 34 34 34 34 34 34 34 34 34 34 34 34 34 34 34 34 34 34 34 34 34 34 34 34 34 34 34 34 34 34 34 34 34 34 34 34 33 32/showFrame Penny 18/advancedMove Nova.Dylan false 0 2 4 0 0 -5 4 10/pause 2500/emote Nova.Dylan 56 true/pause 2500/showFrame Penny 0/pause 250/faceDirection Penny 3/emote Penny 16/pause 250/advancedMove Penny false -4 0 3 10/pause 2000/speak Penny \"{{i18n:Events.DylanLibrary.Penny.1}}\"/faceDirection Nova.Dylan 1/emote Nova.Dylan 8/pause 250/speak Nova.Dylan \"{{i18n:Events.DylanLibrary.NovaDylan.1}}\"/emote Penny 60/speak Penny \"{{i18n:Events.DylanLibrary.Penny.2}}\"/emote Nova.Dylan 32 true/advancedMove Nova.Dylan false 1 0 1 10/pause 1500/speak Nova.Dylan \"{{i18n:Events.DylanLibrary.NovaDylan.2}}\"/pause 250/speak Penny \"{{i18n:Events.DylanLibrary.Penny.3}}\"/emote Nova.Dylan 40/speak Penny \"{{i18n:Events.DylanLibrary.Penny.4}}\"/emote Nova.Dylan 16 true/jump Nova.Dylan/showFrame Nova.Dylan 4/positionOffset Nova.Dylan -4 0/pause 5/positionOffset Nova.Dylan -4 0/pause 5/positionOffset Nova.Dylan -4 0/pause 5/positionOffset Nova.Dylan -4 0/pause 5/positionOffset Nova.Dylan -4 0/pause 5/positionOffset Nova.Dylan -4 0/pause 5/positionOffset Nova.Dylan -4 0/pause 5/positionOffset Nova.Dylan -4 0/pause 5/positionOffset Nova.Dylan -4 0/pause 5/positionOffset Nova.Dylan -4 0/pause 5/positionOffset Nova.Dylan -4 0/pause 5/positionOffset Nova.Dylan -4 0/pause 5/positionOffset Nova.Dylan -4 0/pause 5/positionOffset Nova.Dylan -4 0/pause 5/positionOffset Nova.Dylan -4 0/pause 5/positionOffset Nova.Dylan -4 0/faceDirection Nova.Dylan 2 true/showFrame Nova.Dylan 50/warp Nova.Dylan 11 9/pause 250/emote Penny 28 true/speak Nova.Dylan \"{{i18n:Events.DylanLibrary.NovaDylan.3}}\"/speak Penny \"{{i18n:Events.DylanLibrary.Penny.5}}\"/advancedMove Penny false 2 0 3 10/showFrame Nova.Dylan 0/faceDirection Nova.Dylan 1/pause 100/textAboveHead Nova.Dylan \"{{i18n:Events.DylanLibrary.NovaDylan.4}}\"/pause 1500/emote Penny 8/advancedMove Nova.Dylan false 2 0 1 10/pause 250/speak Nova.Dylan \"{{i18n:Events.DylanLibrary.NovaDylan.5}}\"/speak Penny \"{{i18n:Events.DylanLibrary.Penny.6}}\"/emote Nova.Dylan 32/speak Nova.Dylan \"{{i18n:Events.DylanLibrary.NovaDylan.6}}\"/speak Penny \"{{i18n:Events.DylanLibrary.Penny.7}}\"/showFrame Nova.Dylan 35/pause 1000/showFrame Nova.Dylan 4/speak Nova.Dylan \"{{i18n:Events.DylanLibrary.NovaDylan.7}}\"/emote Penny 20/speak Penny \"{{i18n:Events.DylanLibrary.Penny.8}}\"/advancedMove Penny false -1 0 0 3 -1 0 0 2 -6 0 0 -3 -3 0 0 -1 4 10/pause 500/faceDirection Nova.Dylan 2/emote Nova.Dylan 40/speak Nova.Dylan \"{{i18n:Events.DylanLibrary.NovaDylan.8}}\"/advancedMove farmer false 1 0 0 2 3 10/pause 500/showFrame Nova.Dylan 41/speak Nova.Dylan \"{{i18n:Events.DylanLibrary.NovaDylan.9}}\"/emote farmer 40/speak Nova.Dylan \"{{i18n:Events.DylanLibrary.NovaDylan.10}}\"/quickQuestion #{{i18n:Events.DylanLibrary.Question.1.Answer.1}}#{{i18n:Events.DylanLibrary.Question.1.Answer.2}}#{{i18n:Events.DylanLibrary.Question.1.Answer.3}}(break)emote Nova.Dylan 32 true\\speak Nova.Dylan \"{{i18n:Events.DylanLibrary.Question.1.Response.1}}\"(break)emote Nova.Dylan 40 true\\speak Nova.Dylan \"{{i18n:Events.DylanLibrary.Question.1.Response.2}}\"(break)emote Nova.Dylan 56 true\\speak Nova.Dylan \"{{i18n:Events.DylanLibrary.Question.1.Response.3}}\"/showFrame Nova.Dylan 0/faceDirection Nova.Dylan 1/speak Nova.Dylan \"{{i18n:Events.DylanLibrary.NovaDylan.11}}\"/emote farmer 20/speak Nova.Dylan \"{{i18n:Events.DylanLibrary.NovaDylan.12}}\"/advancedMove Nova.Dylan false 0 4 -6 0 3 10/pause 500/faceDirection farmer 2/jump farmer 8 true/showFrame farmer 94/startJittering/globalFade/viewport -1000 -1000/stopAdvancedMoves/end position 3 13/"
		}
	},

	//Dylan 5 Hearts

	{
		"LogName": "Dylan 5 Hearts",
		"Action": "EditData",
		"Target": "Data/Events/EastScarp_Village",
		"Entries": {
			"EnD.Dylan.06/f Nova.Dylan 1250/w sunny/A DylanLibrary/t 0800 1130/e EnD.Dylan.05":
			"ocean/53 89/farmer 49 81 2 Nova.Dylan 54 88 2 Penny 45 76 3 Vincent 44 77 1 Jas 44 76 1 Eloise 43 77 1 MadDog.HashtagBearFam.Sigurd? 49 76 2 MadDog.HashtagBearFam.Gudrun? 49 77 0 MadDog.HashtagBearFam.Gunnar? 50 77 3/addConversationTopic DylanLesson 3/skippable/ignoreCollisions farmer/addTemporaryActor Thistle 32 32 54 89 0 false Character/addTemporaryActor EDContainer1 32 32 41 91 2 false Character/addTemporaryActor EDContainer2 32 32 43 91 2 false Character/addTemporaryActor EDContainer3 32 32 39 93 2 false Character/addTemporaryActor Octobucket 32 32 45 88 2 false Character/advancedMove farmer false 0 7 3 0 1 10/pause 1000/speak Nova.Dylan \"{{i18n:Events.DylanLesson.NovaDylan.1}}\"/speak Thistle \"{{i18n:Events.DylanLesson.Thistle.1}}\"/faceDirection Thistle 3/playSound crow/speak Thistle \"{{i18n:Events.DylanLesson.Thistle.2}}\"/faceDirection Nova.Dylan 3/emote Nova.Dylan 16/speak Nova.Dylan \"{{i18n:Events.DylanLesson.NovaDylan.2}}\"/emote farmer 40/advancedMove Thistle false -4 0 4 10/speak Nova.Dylan \"{{i18n:Events.DylanLesson.NovaDylan.3}}\"/emote Thistle 16 true/playSound crow/speak Thistle \"{{i18n:Events.DylanLesson.Thistle.3}}\"/faceDirection Nova.Dylan 0/advancedMove farmer false 0 1 4 10/{{DylanClass_BearIntro}}/advancedMove MadDog.HashtagBearFam.Sigurd? false 0 1 4 0 0 1 2 0 3 10/pause 50/advancedMove MadDog.HashtagBearFam.Gudrun? false 1 0 0 2 3 10/pause 100/advancedMove MadDog.HashtagBearFam.Gunnar? false 3 0 0 1 3 10/pause 1000/jump Thistle/textAboveHead Thistle \"{{i18n:Events.DylanLesson.Thistle.4}}\"/pause 2500/emote Nova.Dylan 28 true/shake Nova.Dylan 1000/speed Penny 3/speed Vincent 3/speed Jas 3/speed Eloise 3/advancedMove Vincent false 5 0 0 9 6 0 2 10/pause 500/advancedMove Penny false 4 0 0 10 5 0 2 10/pause 500/advancedMove Jas false 5 0 0 10 4 0 2 10/pause 500/advancedMove Eloise false 6 0 0 9 3 0 2 10/pause 1000/animate MadDog.HashtagBearFam.Sigurd? false true 22 22 22 22 22 22 22 22 22 22 22 22 23 23 23 23 23 23 23 23 23 23 23 23 23 23 23 24 24 24 24 24 24 24 24 24 24 24 24 24 24 24 24 24 24 25 25 25 25 25 25 25 25 25 25 25 25 25 25 25 25 24 24 24 24 24 24 24 24 24 24 24 24 24 24 24 26 26 26 26 26 26 26 26 26 26 26 26 26 26 26 26 26 26 26 26 27 27 27 27 27 27 27 27 27 27 27 27 27 27 27 27 27 27 27 21 21 21 21 21 21 21 21 21 21 21 21 21 21 21 21 21 21 21 21 21 21 21 21 22 22 22 22 22 22 22 22 22 22 22 22 22 22 22 22/pause 4500/speak Penny \"{{i18n:Events.DylanLesson.Penny.1}}\"/jump Jas/pause 200/jump Vincent/textAboveHead Vincent \"{{i18n:Events.DylanLesson.Vincent.1}}\"/pause 200/jump Eloise/pause 1000/speak Nova.Dylan \"{{i18n:Events.DylanLesson.NovaDylan.7}}\"/emote Jas 16 true/jump Jas/globalFade/viewport -1000 -1000/warp Nova.Dylan 39 109 true/faceDirection Nova.Dylan 2 true/warp farmer 40 108 true/faceDirection farmer 2 true/warp Thistle 30 106 true/positionOffset Thistle 20 30 true/faceDirection Thistle 1 true/hideShadow Thistle true/warp Penny 38 108 true/faceDirection Penny 2 true/warp Vincent 38 112 true/faceDirection Vincent 0 true/warp Jas 36 112 true/faceDirection Jas 0 true/warp Eloise 41 112 true/faceDirection Eloise 0 true/warp MadDog.HashtagBearFam.Sigurd? 48 110 true/warp MadDog.HashtagBearFam.Gudrun? 35 112 true/faceDirection MadDog.HashtagBearFam.Gudrun? 0 true/warp MadDog.HashtagBearFam.Gunnar? 34 110 true/faceDirection MadDog.HashtagBearFam.Gunnar? 1 true/warp EDContainer1 35 111 true/warp EDContainer2 38 111 true/warp EDContainer3 41 111 true/animate EDContainer1 false true 500 9 10 11 12/animate EDContainer2 false true 500 1 2 3 4/animate EDContainer3 false true 500 5 6 7 8/warp Octobucket 36 108 true/addTemporaryActor Bucket1 32 32 33 111 2 false Character/addTemporaryActor Bucket2 32 32 37 111 2 false Character/positionOffset Bucket2 -20 0 true/addTemporaryActor Bucket3 32 32 40 112 2 false Character/positionOffset Bucket3 -20 0 true/playSound discoverMineral/pause 100/viewport 39 112/pause 500/playMusic CloudCountry/playSound ocean/emote Nova.Dylan 20/speak Nova.Dylan \"{{i18n:Events.DylanLesson.NovaDylan.8}}\"/pause 250/animate Jas false true 50 20 21/playSound dwop/pause 1000/advancedMove Nova.Dylan false -4 0 2 10/textAboveHead Nova.Dylan \"{{i18n:Events.DylanLesson.NovaDylan.9}}\"/stopAnimation Jas/advancedMove farmer false 0 1 3 10/pause 1750/speak Jas \"{{i18n:Events.DylanLesson.Jas.1}}\"/speak Nova.Dylan \"{{i18n:Events.DylanLesson.NovaDylan.10}}\"/speak Jas \"{{i18n:Events.DylanLesson.Jas.2}}\"/emote Penny 32 true/textAboveHead Nova.Dylan \"{{i18n:Events.DylanLesson.NovaDylan.11}}\"/pause 1000/emote Jas 20 true/pause 1000/speak Nova.Dylan \"{{i18n:Events.DylanLesson.NovaDylan.12}}\"/textAboveHead MadDog.HashtagBearFam.Gudrun? \"{{i18n:Events.DylanLesson.Gudrun.2}}\"/emote MadDog.HashtagBearFam.Gunnar? 32 true/pause 2000/playSound waterSlosh/pause 100/animate Octobucket false false 200 1 2 3 4 5 6 7 8 9 10 11 12 13 14 15 16 17 18 19 20 21 22 23 24 25 26 27 28 29 30 31 32 33 34 35 36 37 38 39/pause 2000/playSound pullItemFromWater/emote farmer 16 true/faceDirection Penny 3/jump Penny/textAboveHead Penny \"{{i18n:Events.DylanLesson.Penny.2}}\" true/showFrame Nova.Dylan 50/emote Nova.Dylan 16 true/pause 500/showFrame Nova.Dylan 0/advancedMove Nova.Dylan false 0 -1 1 10/pause 500/textAboveHead Nova.Dylan \"{{i18n:Events.DylanLesson.NovaDylan.13}}\"/pause 750/playSound dropItemInWater/showFrame Nova.Dylan 35/pause 500/playSound waterSlosh/speak Nova.Dylan \"{{i18n:Events.DylanLesson.NovaDylan.14}}\"/textAboveHead Vincent \"{{i18n:Events.DylanLesson.Vincent.2}}\"/emote Eloise 16 true/showFrame Nova.Dylan 4/textAboveHead MadDog.HashtagBearFam.Sigurd? \"{{i18n:Events.DylanLesson.Sig.3}}\"/speak Nova.Dylan \"{{i18n:Events.DylanLesson.NovaDylan.15}}\"/quickQuestion #{{i18n:Events.DylanLesson.Question.1.Answer.1}}#{{i18n:Events.DylanLesson.Question.1.Answer.2}}(break)emote Nova.Dylan 32 true\\speak Nova.Dylan \"{{i18n:Events.DylanLesson.Question.1.Response.1}}\"(break)emote Nova.Dylan 28 true\\speak Nova.Dylan \"{{i18n:Events.DylanLesson.Question.1.Response.2}}\"/advancedMove farmer false 0 -2 -3 0 2 10/pause 1000/textAboveHead Nova.Dylan \"{{i18n:Events.DylanLesson.NovaDylan.16}}\"/animate Vincent false true 50 16 17/playSound dwop/advancedMove Nova.Dylan false 0 1 4 0 2 10/pause 1250/stopAnimation Vincent/pause 1000/speed Penny 2/advancedMove Penny false 0 1 2 10/speak Vincent \"{{i18n:Events.DylanLesson.Vincent.3}}\"/emote Penny 28 true/positionOffset farmer -20 10/showFrame farmer 4/speak Nova.Dylan \"{{i18n:Events.DylanLesson.NovaDylan.17}}\"/speak Vincent \"{{i18n:Events.DylanLesson.Vincent.4}}\"/emote Nova.Dylan 20 true/speak Penny \"{{i18n:Events.DylanLesson.Penny.3}}\"/jump Vincent/pause 600/jump Vincent/textAboveHead Nova.Dylan \"{{i18n:Events.DylanLesson.NovaDylan.18}}\"/advancedMove Nova.Dylan false 2 0 2 10/pause 500/advancedMove Penny false 2 0 0 1 1 10/pause 2000/speak Nova.Dylan \"{{i18n:Events.DylanLesson.NovaDylan.19}}\"/jump Eloise/emote Eloise 32 true/speak Eloise \"{{i18n:Events.DylanLesson.Eloise.1}}\"/speak Nova.Dylan \"{{i18n:Events.DylanLesson.NovaDylan.20}}\"/emote Eloise 20/advancedMove Nova.Dylan false -3 0 2 10/pause 600/advancedMove Penny false 0 -1 3 10/pause 1000/speak Nova.Dylan \"{{i18n:Events.DylanLesson.NovaDylan.21}}\"/textAboveHead Vincent \"{{i18n:Events.DylanLesson.Vincent.5}}\"/jump Eloise/emote Eloise 32 true/pause 100/emote Jas 20 true/pause 1500/globalFade/viewport -1000 -1000/speak Penny \"{{i18n:Events.DylanLesson.Penny.4}}\"/speak Vincent \"{{i18n:Events.DylanLesson.Vincent.6}}\"/stopSound ocean/end"
		}
	},

	//Dylan 6 Hearts Part 1

	{
		"LogName": "Dylan 6 Hearts Part 1",
		"Action": "EditData",
		"Target": "Data/Events/ScienceHouse",
		"Entries":{
			"EnD.Dylan.07/f Nova.Dylan 1500/A DylanLesson/t 0900 1700/e EnD.Dylan.06":
			"marnieShop/12 20/farmer 999 999 0 Nova.Dylan 999 999 0 Robin 8 18 2 Sebastian 999 999 0 Demetrius 20 18 2 Maru 22 20 1 MadDog.HashtagBearFam.Sigurd? 3 19 2/skippable/ignoreCollisions farmer/showFrame Demetrius 16 true/animate MadDog.HashtagBearFam.Sigurd? false true 200 76 76 76 76 77 77 77 77 78 78 78 78 77 77 77 77/pause 1000/playSound doorClose/warp Nova.Dylan 6 24/advancedMove Nova.Dylan false 0 -4 2 0 4 10/pause 250/textAboveHead Robin \"Hello there!\"/pause 1500/speak Robin \"It's nice to see you, Dylan. I take it that you're here on business as usual?$1\"/speak Nova.Dylan \"I'm afraid so, Robin. Our budget's still too tight at the moment to afford the kind of lab equipment that Demetrius has.$1#$b#Hopefully I haven't been imposing on you too much in the meantime.$9\"/advancedMove Maru false 0 -2 1 10/speak Robin \"Of course not! You're welcome here at any time. We've got to look after our marine biologist and teacher extraordinaire, right?$4\"/animate Robin false true 100 32 33/pause 500/emote Nova.Dylan 60/speak Nova.Dylan \"But I'm not a teacher...!$6\"/stopAnimation Robin/speak Robin \"Oh relax, Dylan. I'm just winding you up.$1#$b#Anyway, don't let me detain you. They're in the lab as usual. They seem pretty excited about something!$0\"/advancedMove Nova.Dylan false 1 0 1 10/playSound doorClose/warp Sebastian 12 21/advancedMove Sebastian false 0 -1 -2 0 3 10/pause 2000/positionOffset Nova.Dylan -4 0/pause 5/positionOffset Nova.Dylan -4 0/pause 5/positionOffset Nova.Dylan -4 0/pause 5/positionOffset Nova.Dylan -4 0/pause 5/showFrame Nova.Dylan 7/positionOffset Nova.Dylan -4 0/pause 5/positionOffset Nova.Dylan -4 0/pause 5/positionOffset Nova.Dylan -4 0/pause 5/positionOffset Nova.Dylan -4 0/pause 5/showFrame Nova.Dylan 6/positionOffset Nova.Dylan -4 0/pause 5/positionOffset Nova.Dylan -4 0/pause 5/positionOffset Nova.Dylan -4 0/pause 5/positionOffset Nova.Dylan -4 0/pause 5/showFrame Nova.Dylan 7/positionOffset Nova.Dylan -4 0/pause 5/positionOffset Nova.Dylan -4 0/pause 5/positionOffset Nova.Dylan -4 0/pause 5/showFrame Nova.Dylan 6/emote Sebastian 40 true/pause 600/advancedMove Sebastian false -1 0 0 1 -3 0 0 3 2 10/pause 1000/faceDirection Nova.Dylan 2/textAboveHead Robin \"*Sigh*\"/pause 250/emote Nova.Dylan 8/pause 1000/warp Sebastian 999 999/playSound doorClose/pause 100/faceDirection Nova.Dylan 0/warp Nova.Dylan 8 20/advancedMove Maru false 0 3 1 10/speak Robin \"Don't mind him.$2\"/advancedMove Nova.Dylan false 8 0 1 2000 2 0 1 10/viewport move 1 0 4000/pause 3000/textAboveHead Nova.Dylan \"Hello?\"/showFrame Demetrius 17/faceDirection Maru 3/emote Maru 16/showFrame Demetrius 0/advancedMove Demetrius false 0 1 3 10/emote Demetrius 32 true/advancedMove Maru false -2 0 3 10/textAboveHead Maru \"Dylan!\"/pause 2000/speak Demetrius \"Hello, Dylan! Did you read about that deep sea trench that was discovered just off the coast?$1\"/emote Nova.Dylan 16/speak Nova.Dylan \"Yes! That's actually what I came here to talk about. To think it's been there all this time! I'd love to know what kind of ecosystem it has.$3\"/speak Maru \"Goblin sharks!$1\"/speak Nova.Dylan \"Gulper eels!$3\"/speak Demetrius \"Giant isopods!$1\"/emote Nova.Dylan 20 true/jump Nova.Dylan/textAboveHead Maru \"Eeee!!\" true/emote Demetrius 20 true/jump Maru/pause 1500/speak Nova.Dylan \"It's awfully far down, though. There aren't many submersibles capable of reaching that depth, are there?$2\"/faceDirection Demetrius 2 true/faceDirection Maru 0 true/pause 500/faceDirection Demetrius 3 true/faceDirection Maru 3 true/speak Maru \"Dad and I were discussing that. The pressure at those depths is definitely a problem, but it's a problem I think I can solve.$3\"/emote Nova.Dylan 16/speak Nova.Dylan \"I see where this is going... are you proposing that we explore the trench ourselves?$1\"/speak Maru \"I think I can design and build an ROV capable of operating safely at those depths. But there's a snag.$0\"/textAboveHead Nova.Dylan \"The budget.\" true/pause 500/textAboveHead Demetrius \"The budget.\"/pause 1000/textAboveHead Maru \"Yep...\"/pause 1500/speak Demetrius \"The resources we'd need are expensive. And ZuCU isn't going to fund a venture like this, not at such short notice.$2\"/speak Nova.Dylan \"I wouldn't be much help either. The grant money I get is paltry as it is. And I couldn't ask Eli to take on even more work at the Guild.$9\"/speak Maru \"Is there anyone else we could ask to help? They'd be making a valuable contribution to science...$2\"/speak Nova.Dylan \"We'd need someone dependable.$0\"/speak Demetrius \"Someone who enjoys helping others.$0\"/playSound doorClose/warp farmer 6 24/speed farmer 3/advancedMove farmer false 0 -4 2 0 4 10/pause 1000/speak Robin \"Hello, @! What can I do for you?$1\"/emote farmer 32 true/faceDirection Nova.Dylan 3/pause 1000/faceDirection Nova.Dylan 1/emote Nova.Dylan 32/emote Maru 32/textAboveHead Demetrius \"Aha!\"/pause 1500/speak Nova.Dylan \"It's worth a shot. I'll approach @ about it tomorrow. In the meantime Maru, could you make a list of what you need?$1\"/textAboveHead Maru \"Will do!\"/globalFade/viewport -1000 -1000/pause 1000/end"
		}
	},

	//Bonus Fun Events

	//WRITE CT RESPONSES FOR THIS ONE LATER!
/*
	{
		"LogName": "Dylan CC Aquarium",
		"Action": "EditData",
		"Target": "Data/Events/CommunityCenter",
		"Entries": {
			"EnD.DylanBonus.01/t 0600 2200/e 191393":
			"springtown/40 10/farmer 999 999 0 Nova.Dylan 37 9 1 Nova.Eli 36 10 1 Jacob 41 10 0 Eloise 40 10 0 Willy 42 10 0 Lewis 999 999 0 FC.Barron? 32 9 3 FC.John? 31 9 1 Nora? 38 10 0 MadDog.HashtagBearFam.Gudrun? 42 11 0 MadDog.HashtagBearFam.Sondra? 40 11 0 MadDog.HashtagBearFam.Teren? 36 8 1 SenS? 47 5 2 RodneyOBrien? 27 9 2 Kenzie? 999 999 0 APT_Ashida? 35 9 1 APT_Mora? 35 10 1/addConversationTopic DylanCCAquarium 3/skippable/ignoreCollisions farmer/positionOffset Willy 40 0 true/positionOffset MadDog.HashtagBearFam.Gudrun? -10 -10 true/positionOffset MadDog.HashtagBearFam.Sondra? 30 0 true/animate Nova.Dylan false true 90 34 34 34 34 34 34 34 34 34 34 34 34 34 34 32 32 32 33 32 33 32 33 32 33 32 33 32 33 32 33 32 33 34 34 34 34 34 34 34 34 32 33 32 33 32 33 32 33 32 33/animate SenS? false true 300 16 17 18 19/animate RodneyOBrien? false true 100 25 25 25 25 25 25 25 25 25 25 25 25 25 25 25 25 25 25 25 25 25 25 25 25 24 24 25 25 25 25 25 25 25 25 25 25 25 25 25 25 25 25 25 25 25 25 25 25 25 25 24 24 25 25 25 25 25 25 25 25 25 25 25 25 25 25 25 25 25 25 25 25 25 25 25 25 24 24 25 25 25 25 25 25 25 25 25 25 25 25 25 25 25 25 25 25 25 25 25 25 25 25 24 24 25 25 25 25 25 25 25 25 25 25 25 25 25 25 25 25 25 25 25 25 25 25 25 25 24 24 25 25 25 25 25 25 25 25 25 25 25 25 25 25 25 25 25 25 25 25 25 25 25/pause 1000/textAboveHead Nova.Dylan \"{{i18n:Events.DylanCCAquarium.NovaDylan.1}}\"/playSound doorClose/warp farmer 33 22/advancedMove farmer false 0 -7 4 0 4 10/pause 2500/textAboveHead Nova.Dylan \"{{i18n:Events.DylanCCAquarium.NovaDylan.2}}\"/emote FC.Barron? 20 true/pause 2500/textAboveHead Nova.Dylan \"{{i18n:Events.DylanCCAquarium.NovaDylan.3}}\"/emote FC.John? 32 true/pause 1000/emote farmer 16/stopAnimation Nova.Dylan/faceDirection Nova.Dylan 2/faceDirection Nova.Eli 2/emote Nova.Dylan 32/emote Nova.Eli 32 true/speak Nova.Dylan \"{{i18n:Events.DylanCCAquarium.NovaDylan.4}}\"/advancedMove farmer false 0 -4 2 0 0 -1 4 10/textAboveHead MadDog.HashtagBearFam.Sondra? \"{{i18n:Events.DylanCCAquarium.Sondra.1}}\"/pause 1000/faceDirection Nova.Dylan 1/faceDirection Nova.Eli 1/pause 2000/speak Nova.Dylan \"{{i18n:Events.DylanCCAquarium.NovaDylan.5}}\"/emote Nova.Eli 20 true/emote MadDog.HashtagBearFam.Gudrun? 20 true/jump farmer/pause 600/emote farmer 20/speak Willy \"{{i18n:Events.DylanCCAquarium.Willy.1}}\"/textAboveHead RodneyOBrien? \"{{i18n:Events.DylanCCAquarium.Rodney.1}}\" true/speak Jacob \"{{i18n:Events.DylanCCAquarium.Jacob.1}}\"/emote Nova.Dylan 60/speak Nova.Dylan \"{{i18n:Events.DylanCCAquarium.NovaDylan.6}}\"/emote Eloise 56/speak Eloise \"{{i18n:Events.DylanCCAquarium.Eloise.1}}\"/speak Nova.Eli \"{{i18n:Events.DylanCCAquarium.NovaEli.1}}\"/speak Nora? \"{{i18n:Events.DylanCCAquarium.Nora.1}}\"/textAboveHead MadDog.HashtagBearFam.Teren? \"{{i18n:Events.DylanCCAquarium.Teren.1}}\"/emote Jacob 32 true/emote Willy 32 true/emote farmer 32 true/emote Nova.Dylan 32/pause 500/playSound doorClose/warp Lewis 33 22/advancedMove Lewis false 0 -7 4 0 0 -3 4 10/pause 1000/faceDirection Nova.Dylan 2/faceDirection Nova.Eli 2/emote Nova.Eli 16 true/textAboveHead Nova.Dylan \"{{i18n:Events.DylanCCAquarium.NovaDylan.7}}\" true/advancedMove Nova.Dylan false 0 1 2 10/warp Kenzie? 33 22/advancedMove Kenzie? false 0 -7 3 0 0 -3 4 10/pause 1000/faceDirection farmer 2/faceDirection MadDog.HashtagBearFam.Sondra? 3/faceDirection MadDog.HashtagBearFam.Teren? 2/pause 1000/speak Lewis \"{{i18n:Events.DylanCCAquarium.Lewis.1}}\"/emote Lewis 16/jump Lewis/speak Lewis \"{{i18n:Events.DylanCCAquarium.Lewis.2}}\"/speak Nova.Dylan \"{{i18n:Events.DylanCCAquarium.NovaDylan.8}}\"/pause 300/showFrame Lewis 26/playSound slimedead/animate Nova.Eli false false 200 128 129 130 131 131 131 131 131 131 132 132 132 130 129 128 0/jump Lewis/shake Lewis 1000/pause 1300/shake Nova.Eli 500 true/textAboveHead Nova.Eli \"{{i18n:Events.DylanCCAquarium.NovaEli.2}}\" true/showFrame Lewis 8/emote Lewis 28 true/pause 500/speak Lewis \"{{i18n:Events.DylanCCAquarium.Lewis.3}}\"/speed Lewis 4/advancedMove Lewis false 0 3 -4 0 0 7 2 10/animate farmer false true 100 102 103/faceDirection Kenzie? 2 true/emote Kenzie? 40 true/pause 4000/warp Lewis 999 999/playSound doorClose/globalFade/viewport -1000 -1000/playSound discoverMineral/message \"{{i18n:Events.DylanCCAquarium.Message.1}}\"/end"
		},*/
	]
}

/*advancedMove true/false (loop) parameters

parameters:
x y x y x y = move without pause

x y z t x y z t = move with pauses

x y x y z t x y = move with mix of mentioned above

x = how many tiles move in x axis (+ = right, - = left)
y = how many tiles move in y axis (+ = down, - = up)
z = direction face upon reaching destination (1=right, 2=down, 3=left, 4=up)
t = duration in milliseconds how long to stay in that spot (must be >= 10000ms) */