{
	"Changes": [

		/*Bouncing up and down:
animate Noot false true 20 20 21 22 23 24 25 26 27 28 29 30 31 32 33 18 17 16 16 17 17 18 19/

Standing still idle - front
animate Soot false true 50 0 1 2 3/

Sleeping/back turned idle
animate Soot false true 50 8 9 10 11/

LEFT 1 TILE

positionOffset Soot -4 0/pause 5/positionOffset Soot -4 0/pause 5/positionOffset Soot -4 0/pause 5/positionOffset Soot -4 0/pause 5/positionOffset Soot -4 0/pause 5/positionOffset Soot -4 0/pause 5/positionOffset Soot -4 0/pause 5/positionOffset Soot -4 0/pause 5/positionOffset Soot -4 0/pause 5/positionOffset Soot -4 0/pause 5/positionOffset Soot -4 0/pause 5/positionOffset Soot -4 0/pause 5/positionOffset Soot -4 0/pause 5/positionOffset Soot -4 0/pause 5/positionOffset Soot -4 0/pause 5/positionOffset Soot -4 0/pause 5/faceDirection Soot 1

RIGHT 1 TILE

positionOffset Soot 4 0/pause 5/positionOffset Soot 4 0/pause 5/positionOffset Soot 4 0/pause 5/positionOffset Soot 4 0/pause 5/positionOffset Soot 4 0/pause 5/positionOffset Soot 4 0/pause 5/positionOffset Soot 4 0/pause 5/positionOffset Soot 4 0/pause 5/positionOffset Soot 4 0/pause 5/positionOffset Soot 4 0/pause 5/positionOffset Soot 4 0/pause 5/positionOffset Soot 4 0/pause 5/positionOffset Soot 4 0/pause 5/positionOffset Soot 4 0/pause 5/positionOffset Soot 4 0/pause 5/positionOffset Soot 4 0/pause 5/faceDirection Soot 1

DOWN 1 TILE

positionOffset Soot 0 4/pause 5/positionOffset Soot 0 4/pause 5/positionOffset Soot 0 4/pause 5/positionOffset Soot 0 4/pause 5/positionOffset Soot 0 4/pause 5/positionOffset Soot 0 4/pause 5/positionOffset Soot 0 4/pause 5/positionOffset Soot 0 4/pause 5/positionOffset Soot 0 4/

UP ONE TILE

positionOffset Soot 0 -4/pause 5/positionOffset Soot 0 -4/pause 5/positionOffset Soot 0 -4/pause 5/positionOffset Soot 0 -4/pause 5/positionOffset Soot 0 -4/pause 5/positionOffset Soot 0 -4/pause 5/positionOffset Soot 0 -4/pause 5/positionOffset Soot 0 -4/pause 5/positionOffset Soot 0 -4/

*/

		{
			"LogName": "Soot Intro",
			"Action": "EditData",
			"Target": "Data/Events/{{ModID}}_ESEDHouse",
			"Entries": {
				"EnD.Critters.01/t 0900 1500/e EnD.Eli.01/e EnD.Dylan.01":
				"sappypiano/14 23/farmer 999 999 0 Nova.Eli 13 23 1 Nova.Dylan 17 24 3 Soot 999 999 2/skippable/addConversationTopic SootIntro 3/showFrame Nova.Eli 21/advancedMove Nova.Dylan false -3 0 4 10/pause 1500/textAboveHead Nova.Eli \"{{i18n:Events.SootIntro.NovaEli.1}}\"/pause 500/playSound dustMeep/textAboveHead Nova.Dylan \"{{i18n:Events.SootIntro.NovaDylan.1}}\"/pause 1500/playSound doorClose/warp farmer 14 27/advancedMove farmer false 0 -1 4 10/pause 750/faceDirection Nova.Dylan 2/emote Nova.Dylan 8 true/pause 600/stopAnimation Nova.Eli/faceDirection Nova.Eli 2/emote Nova.Eli 16/advancedMove Nova.Eli false 0 1 2 10/pause 500/speak Nova.Eli \"{{i18n:Events.SootIntro.NovaEli.2}}\"/speak Nova.Dylan \"{{i18n:Events.SootIntro.NovaDylan.2}}\"/emote farmer 8/speak Nova.Eli \"{{i18n:Events.SootIntro.NovaEli.3}}\"/showFrame Nova.Dylan 40/pause 250/speak Nova.Dylan \"{{i18n:Events.SootIntro.NovaDylan.3}}\"/showFrame Nova.Eli 67/pause 500/speak Nova.Eli \"{{i18n:Events.SootIntro.NovaEli.4}}\"/textAboveHead Nova.Dylan \"{{i18n:Events.SootIntro.NovaDylan.4}}\"/pause 2500/stopAnimation Nova.Eli/faceDirection Nova.Eli 1/jump Nova.Eli/pause 500/textAboveHead Nova.Eli \"{{i18n:Events.SootIntro.NovaEli.5}}\"/faceDirection Nova.Dylan 3/shake Nova.Eli 2000/shake Nova.Dylan 2000/pause 1800/emote farmer 28/faceDirection Nova.Eli 2 true/faceDirection Nova.Dylan 2/pause 1000/showFrame Nova.Eli 67 true/showFrame Nova.Dylan 40/pause 1000/showFrame Nova.Eli 32/stopAnimation Nova.Dylan/faceDirection Nova.Dylan 2/pause 500/speak Nova.Eli \"{{i18n:Events.SootIntro.NovaEli.6}}\"/speak Nova.Dylan \"{{i18n:Events.SootIntro.NovaDylan.5}}\"/stopAnimation Nova.Eli/emote Nova.Eli 32/speak Nova.Eli \"{{i18n:Events.SootIntro.NovaEli.7}}\"/emote farmer 56/jump Nova.Eli/pause 1000/speed Nova.Eli 4/viewport move -1 0 1500/textAboveHead Nova.Eli \"{{i18n:Events.SootIntro.NovaEli.8}}\"/advancedMove Nova.Eli false -4 0 0 -3 -5 0 4 10/speak Nova.Dylan \"{{i18n:Events.SootIntro.NovaDylan.6}}\"/advancedMove farmer false 0 -1 -3 0 0 -2 1 10/advancedMove Nova.Dylan false -1 0 0 -1 3 10/pause 2000/playSound dustMeep/pause 800/playSound dustMeep/pause 2000/playSound potterySmash/faceDirection farmer 3/textAboveHead Nova.Eli \"{{i18n:Events.SootIntro.NovaEli.9}}\" true/positionOffset Nova.Eli 0 4/pause 5/positionOffset Nova.Eli 0 4/pause 5/positionOffset Nova.Eli 0 4/pause 5/positionOffset Nova.Eli 0 4/pause 5/showFrame Nova.Eli 9/positionOffset Nova.Eli 0 4/pause 5/positionOffset Nova.Eli 0 4/pause 5/positionOffset Nova.Eli 0 4/pause 5/positionOffset Nova.Eli 0 4/pause 5/showFrame Nova.Eli 10/emote farmer 16 true/emote Nova.Dylan 16/advancedMove Nova.Dylan false 0 1 -2 0 3 10/speak Nova.Dylan \"{{i18n:Events.SootIntro.NovaDylan.7}}\"/faceDirection Nova.Eli 1/emote Nova.Eli 60/speak Nova.Eli \"{{i18n:Events.SootIntro.NovaEli.10}}\"/emote Nova.Dylan 40 true/faceDirection Nova.Eli 0/positionOffset Nova.Eli 0 -4/pause 5/positionOffset Nova.Eli 0 -4/pause 5/positionOffset Nova.Eli 0 -4/pause 5/positionOffset Nova.Eli 0 -4/pause 5/showFrame Nova.Eli 9/positionOffset Nova.Eli 0 -4/pause 5/positionOffset Nova.Eli 0 -4/pause 5/positionOffset Nova.Eli 0 -4/pause 5/positionOffset Nova.Eli 0 -4/pause 5/showFrame Nova.Eli 10/warp Nova.Eli 4 21/speed Nova.Eli 3/advancedMove Nova.Eli false 3 0 4 3000 -1 0 4 10/faceDirection Nova.Dylan 0 true/faceDirection farmer 2/speak Nova.Dylan \"{{i18n:Events.SootIntro.NovaDylan.8}}\"/speak Nova.Eli \"{{i18n:Events.SootIntro.NovaEli.11}}\"/pause 1000/advancedMove Nova.Eli false 4 0 0 2 1 10/pause 700/speak Nova.Eli \"{{i18n:Events.SootIntro.NovaEli.12}}\"/pause 1000/playSound coin/showFrame farmer 90/pause 1500/farmerEat 395/pause 2000/emote farmer 20/emote Nova.Eli 32/pause 500/warp Soot 13 23/playSound dwop/pause 250/animate Soot false true 20 20 21 22 23 24 25 26 27 28 29 30 31 32 33 18 17 16 16 17 17 18 19/playSound dustMeep/faceDirection farmer 1 true/faceDirection Nova.Dylan 1/speak Soot \"{{i18n:Events.SootIntro.Soot.1}}\"/emote farmer 16/textAboveHead Nova.Dylan \"{{i18n:Events.SootIntro.NovaDylan.9}}\"/advancedMove Nova.Eli false 0 2 3 0 4 10/pause 1500/speak Nova.Eli \"{{i18n:Events.SootIntro.NovaEli.13}}\"/quickQuestion {{i18n:Events.SootIntro.Question.1}}(break)speak Nova.Eli \"{{i18n:Events.SootIntro.Question.1.Response.1}}\"(break)speak Nova.Eli \"{{i18n:Events.SootIntro.Question.1.Response.2}}\"/playSound dustMeep/pause 1000/positionOffset Soot -4 0/pause 5/positionOffset Soot -4 0/pause 5/positionOffset Soot -4 0/pause 5/positionOffset Soot -4 0/pause 5/positionOffset Soot -4 0/pause 5/positionOffset Soot -4 0/pause 5/positionOffset Soot -4 0/pause 5/positionOffset Soot -4 0/pause 5/positionOffset Soot -4 0/pause 5/positionOffset Soot -4 0/pause 5/positionOffset Soot -4 0/pause 5/positionOffset Soot -4 0/pause 5/positionOffset Soot -4 0/pause 5/positionOffset Soot -4 0/pause 5/positionOffset Soot -4 0/pause 5/positionOffset Soot -4 0/pause 5/speak Nova.Dylan \"{{i18n:Events.SootIntro.NovaDylan.10}}\"/speak Nova.Eli \"{{i18n:Events.SootIntro.NovaEli.14}}\"/pause 500/playSound dustMeep/faceDirection Nova.Dylan 0/speak Soot \"{{i18n:Events.SootIntro.Soot.2}}\"/emote farmer 32/globalFade/viewport -1000 -1000/pause 500/message \"{{i18n:Events.SootIntro.Message.1}}\"/end"
			}
		},

		/*TAS PARTICLE EFFECTS

	Thistle Flying (Up): temporaryAnimatedSprite EliDylan\\Critters 160 64 32 32 100 6 30 X Y false false 1 0 1 0 0 0 motion 0 -3 acceleration 0 0
	Owl: temporaryAnimatedSprite EliDylan\\Critters 0 96 32 32 500 4 30 X Y false false 1 0 1 0 0 0 motion 0 3 acceleration 0 0
	temporaryAnimatedSprite texture rect_x rect_y rect_width rect_height animation_interval animation_length number_of_loops tile_x tile_y flicker flipped layer_depth alpha_fade scale scale_change rotation rotation_change
	*/

		{
			"LogName": "Thistle Intro",
			"Action": "EditData",
			"Target": "Data/Events/EastScarp_Village",
			"Entries": {
				"EnD.Critters.02/t 0900 1500/A SootIntro/e EnD.Critters.01":
				"continue/46 130/farmer 46 116 2 Nova.Dylan 47 130 2 Nova.Eli 46 115 2/ignoreCollisions farmer/addConversationTopic ThistleIntro 3/skippable/addTemporaryActor Thistle 32 32 45 130 2 false Character/hideShadow Thistle false/pause 3000/speak Thistle \"{{i18n:Events.ThistleIntro.Thistle.1}}\"/pause 500/showFrame Nova.Dylan 40/speak Nova.Dylan \"{{i18n:Events.ThistleIntro.NovaDylan.1}}\"/faceDirection Thistle 1/pause 250/speak Thistle \"{{i18n:Events.ThistleIntro.Thistle.2}}\"/faceDirection Nova.Dylan 3/pause 250/speak Nova.Dylan \"{{i18n:Events.ThistleIntro.NovaDylan.2}}\"/speak Thistle \"{{i18n:Events.ThistleIntro.Thistle.3}}\"/emote Nova.Dylan 40/speak Nova.Dylan \"{{i18n:Events.ThistleIntro.NovaDylan.3}}\"/advancedMove farmer false 0 10 2 10/animate Thistle false true 80 26 27/playSound crow/textAboveHead Thistle \"{{i18n:Events.ThistleIntro.Thistle.4}}\"/pause 500/emote Nova.Dylan 32/pause 3000/stopAnimation Thistle/faceDirection Thistle 2/pause 250/faceDirection Nova.Dylan 0/pause 100/emote Nova.Dylan 16/speak Nova.Dylan \"{{i18n:Events.ThistleIntro.NovaDylan.4}}\"/faceDirection Thistle 0/emote Thistle 16/jump Thistle/playSound crow/speak Thistle \"{{i18n:Events.ThistleIntro.Thistle.5}}\"/emote Thistle 12 true/emote farmer 16/pause 50/jump farmer 8 true/showFrame farmer 94/startJittering/faceDirection Nova.Dylan 3/textAboveHead Nova.Dylan \"{{i18n:Events.ThistleIntro.NovaDylan.5}}\" true/pause 2500/stopJittering/stopAnimation farmer/pause 250/faceDirection Nova.Dylan 0/speak Nova.Dylan \"{{i18n:Events.ThistleIntro.NovaDylan.6}}\"/faceDirection Thistle 1/textAboveHead Thistle \"{{i18n:Events.ThistleIntro.Thistle.6}}\"/pause 500/emote farmer 40/quickQuestion #{{i18n:Events.ThistleIntro.Question.1}}(break)faceDirection Thistle 0/speak Thistle \"{{i18n:Events.ThistleIntro.Question.1.Response.1}}\"/playSound crow/animate Thistle false true 80 26 27/emote farmer 12 true/faceDirection Nova.Dylan 3/jump Nova.Dylan/textAboveHead Nova.Dylan \"{{i18n:Events.ThistleIntro.NovaDylan.7}}\"/pause 3000/stopAnimation Thistle/faceDirection Nova.Dylan 0/speak Nova.Dylan \"{{i18n:Events.ThistleIntro.NovaDylan.8}}\"/advancedMove farmer false 0 3 1 0 2 10/emote farmer 40/faceDirection Thistle 1/speak Nova.Dylan \"{{i18n:Events.ThistleIntro.NovaDylan.9}}\"/speed Nova.Eli 4/advancedMove Nova.Eli false 0 14 2 10/jump Thistle/textAboveHead Thistle \"{{i18n:Events.ThistleIntro.Thistle.7}}\"/pause 2500/textAboveHead Nova.Eli \"{{i18n:Events.ThistleIntro.NovaEli.1}}\"/faceDirection farmer 3/faceDirection Thistle 0/emote Nova.Dylan 32 true/speak Nova.Eli \"{{i18n:Events.ThistleIntro.NovaEli.2}}\"/emote farmer 32/showFrame Nova.Eli 32/emote Nova.Eli 40/emote Thistle 40/showFrame Nova.Eli 0/speak Nova.Eli \"{{i18n:Events.ThistleIntro.NovaEli.3}}\"/animate farmer false true 100 102 103/playSound crow/speak Thistle \"{{i18n:Events.ThistleIntro.Thistle.8}}\"/speak Nova.Eli \"{{i18n:Events.ThistleIntro.NovaEli.4}}\"/jump Thistle/textAboveHead Thistle \"{{i18n:Events.ThistleIntro.Thistle.9}}\"/speak Nova.Dylan \"{{i18n:Events.ThistleIntro.NovaDylan.10}}\"/faceDirection Thistle 1/speak Thistle \"{{i18n:Events.ThistleIntro.Thistle.10}}\"/stopAnimation farmer/animate Thistle false false 80 0 16 17 18 19 20 21 22 23 24 28 29 30 31 30 29 28 29 30 31/hideShadow Thistle true/pause 1600/warp Thistle 999 999 true/temporaryAnimatedSprite EliDylan\\Critters 160 64 32 32 100 6 30 45 130 false false 1 0 1 0 0 0 motion 0 -3 acceleration 0 0/faceDirection Nova.Eli 2/showFrame Nova.Eli 67/faceDirection farmer 3/speak Nova.Eli \"{{i18n:Events.ThistleIntro.NovaEli.5}}\"/speak Nova.Dylan \"{{i18n:Events.ThistleIntro.NovaDylan.11}}\"/speak Nova.Eli \"{{i18n:Events.ThistleIntro.NovaEli.6}}\"/globalFade/viewport -1000 -1000/pause 500/message \"{{i18n:Events.ThistleIntro.Message.1}}\"/playSound crow/pause 500/end"
			}
		},

		/*TAS
		Junimo present: temporaryAnimatedSprite EliDylan\\Particles 0 16 16 16 100 16 1 64 17 false false 1 0 1 0 0 0
		temporaryAnimatedSprite texture rect_x rect_y rect_width rect_height animation_interval animation_length number_of_loops tile_x tile_y flicker flipped layer_depth alpha_fade scale scale_change rotation rotation_change
		*/

		{
			"LogName": "Junimo Gift",
			"Action": "EditData",
			"Target": "Data/Events/Farm",
			"Entries": {
				"EnD.Critters.03/t 0600 2400/e EnD.Eli.09":
				"continue/64 15/farmer 64 16 2/skippable/setSkipActions removeTemporaryAnimatedSprites/addTemporaryActor JunimoFriendPurple 16 16 999 999 2 false/setActorScale JunimoFriendPurple 0.8 0.8/pause 1500/warp JunimoFriendPurple 64 18/temporarySprite 64 18 5 8 50 false 1/animate JunimoFriendPurple true true 70 32 33 34 35 36 37 38 39 40 41 42 43/playSound dwop/textAboveHead JunimoFriendPurple \"Hi hi!\"/jump farmer/pause 500/emote farmer 16/playSound junimoMeep1/message \"We bring gift, for present you and Eli gave us!\"/quickQuestion #Awww, thanks little buddy!#Are you part of Sentinel?(break)emote JunimoFriendPurple 32 true\\playSound junimoMeep1\\message \"No problem! Least Sentinel can do for friend. Here, present! Open it!\"(break)emote JunimoFriendPurple 20 true\\playSound junimoMeep1\\message \"Yes! We are close by and watching. We stay small and sneaky - not want to scare humans. Here, present! Open it!\"/advancedMove farmer false 0 1 2 10/pause 1500/temporaryAnimatedSprite EliDylan\\Particles 0 16 16 16 150 16 1 64 17 false false 1 0 1 0 0 0/pause 2400/temporaryAnimatedSprite EliDylan\\Particles 240 16 16 16 50000 1 30000 64 17 false false 1 0 1 0 0 0/showFrame farmer 57/addObject 64 14 TenebrousNova.EnD.PixieBloomSeeds 1/playSound getNewSpecialItem/pause 3300/message \"Obtained 5 'Pixie Bloom Seeds'!\"/action AddItem TenebrousNova.EnD.PixieBloomSeeds 5 0/removeTemporarySprites/showFrame farmer 0/emote JunimoFriendPurple 56/message \"Special, magical seeds from our garden! Very pretty!\"/emote farmer 32/message \"We must go. Nice to see you! Buh-bi!\"/pause 500/warp JunimoFriendPurple 999 999/temporarySprite 64 18 6 8 30 false 1/stopAnimation JunimoFriendPurple/playSound dwop/globalFade/viewport -1000 -1000/pause 500/playSound junimoMeep1/removeTemporarySprites/end"
			}
		},

		{
			"LogName": "Joja Problems",
			"Action": "EditData",
			"Target": "Data/Events/Town",
			"When": {
				"HasSeenEvent |contains=191393": false,
				"HasMod": "LemurKat.JulietHouse.NPC"
			},
			"Entries": {
				"EnD.EnD.01/t 0800 1700/d Wed Sat Sun/F/e EnD.Critters.02 EnD.Eli.02 EnD.Dylan.02":
				"springtown/92 54/Nova.Eli 85 53 1 Nova.Dylan 84 53 1 Shane 91 52 1 Sam 93 52 3 Morris 999 999 2 Jodi 999 999 2 Juliet? 92 51 2/addConversationTopic EnDJojaBreak 3/skippable/ignoreCollisions farmer/removeTile 92 51 Buildings/removeTile 92 50 Front/animate Sam false true 125 16 17 18 19/advancedMove Nova.Eli false 5 0 0 1 2 0 4 10/advancedMove Nova.Dylan false 6 0 0 1 1 0 4 10/emote Nova.Eli 56 true/pause 3000/speak Juliet? \"If it isn't the Moray brothers! Welcome to JojaMart~$0\"/textAboveHead Nova.Dylan \"Hi.\"/playSound doorClose/warp Jodi 95 51/advancedMove Jodi false 0 2 -30 0 3 10/speak Nova.Eli \"Hey there! On your break?$1\"/faceDirection Shane 2/stopAnimation Sam/faceDirection Sam 2 true/textAboveHead Shane \"Yeah.\"/speak Sam \"Yep! How's it going, dudes?$1\"/speak Nova.Dylan \"We're just coming back from Pierre's. Eli managed to drop our last bag of flour and it detonated all over the kitchen.$0\"/faceDirection Nova.Eli 3/textAboveHead Nova.Eli \"I didn't do it on purpose!\"/faceDirection Nova.Dylan 1/pause 2500/textAboveHead Nova.Dylan \"I still had to clean most of it!\"/pause 2500/emote Sam 28/speak Juliet? \"Wow, I can't believe you'd pass us up in favour of Pierre! I'm HURT, Dylan!$2\"/faceDirection Nova.Eli 0 true/faceDirection Nova.Dylan 0/jump Nova.Dylan/pause 500/emote Nova.Dylan 16 true/speak Nova.Dylan \"It's not like that, Juliet! We can't shop here anymore, you know that -!$6\"/speak Shane \"She's just messing with you, Dylan. She does it to us all the time.$1\"/textAboveHead Juliet? \"Hehe!\"/emote Nova.Dylan 60/emote Nova.Eli 32/faceDirection Sam 3/speak Sam \"Hang on, how much time do we have left...?$2\"/faceDirection Shane 1/emote Shane 16/speak Shane \"Oh shit, we're running over! We'd better get inside before he notices.$10\"/speak Nova.Eli \"Whoops! Don't let us detain you. We'll be on our way now, it was nice seeing you guys!$12\"/speak Nova.Dylan \"Good luck in there.$1\"/faceDirection Nova.Eli 1 true/advancedMove Nova.Eli false 1 0 1 10/faceDirection Nova.Dylan 1 true/advancedMove Nova.Dylan false 1 0 1 10/pause 500/playSound doorClose/warp Morris 96 51/emote Morris 12 true/advancedMove Morris false 0 1 -1 0 3 10/emote Nova.Eli 16 true/faceDirection Juliet? 1 true/faceDirection Sam 1/textAboveHead Sam \"Oh god!\"/pause 1000/speak Morris \"No, Sam, it's just your boss. What is the meaning of this? All of you are already a minute late!$3\"/emote Juliet 28/faceDirection Morris 2/emote Morris 40/advancedMove Morris false 0 2 3 10/pause 1500/faceDirection Sam 2/faceDirection Juliet? 2/speak Morris \"I thought I'd already made it perfectly clear that you're no longer welcome on these premises.$3\"/speak Nova.Eli \"I'm not on your premises, mate. I'm on the public path. And last I checked, Joja doesn't own the town.$8\"/speak Morris \"For now. Things are going to start changing around here quite soon.$1\"/emote Nova.Dylan 40 true/speak Nova.Eli \"I already apologised to you for causing that accident, Morris. I even helped you out from under those fallen shelves, didn't I?$2#$b#And now you have a go at me for chatting with people near your store? You're just being petty.$9\"/shake Morris 1000/speak Morris \"I don't believe for a moment that you 'just slipped'. You ruined a Joja promotional event, and I could have been seriously injured!$3\"/advancedMove Shane false 0 1 1 0 1 10/pause 750/speak Shane \"It WAS an accident Morris, we saw the whole thing.$2\"/textAboveHead Sam \"Yeah!\"/speak Morris \"Stay out of this, Shane. You're already facing disciplinary action for overstaying your break.$3\"/emote Shane 40 true/advancedMove Nova.Dylan false 0 1 1 0 1 10/pause 750/speak Nova.Dylan \"Morris. I'm in the middle of writing a report for Mayor Lewis on the environmental impact that Joja has had on the Valley's marine ecosystems.$0#$b#And it's not a task either of us would like me to undertake while I'm in a bad mood. Refrain from harrassing my brother.$5\"/faceDirection Nova.Eli 2 true/emote Nova.Eli 20 true/jump Morris/emote Juliet? 32 true/pause 500/emote Sam 32 true/emote Morris 16 true/showFrame Morris 19/pause 500/speak Morris \"I - you couldn't... you wouldn't! I...$2#$b#...Very well. I... I'm sorry for... making assumptions about your brother.$2\"/stopAnimation Morris/faceDirection Morris 3/faceDirection Nova.Eli 1/speak Morris \"And I'll let the rest of you off with a warning this time. Now get back to work, please!$3\"/advancedMove Morris false 0 -3 4 10/pause 1500/shake Morris 200/pause 200/playsound doorClose/warp Morris 999 999/faceDirection Nova.Eli 2 true/faceDirection Shane 2/speak Shane \"Wow Dylan, remind me to never piss you off!$1\"/faceDirection Nova.Dylan 0/textAboveHead Sam \"Right?!\"/speak Juliet? \"Oh man, I wish I'd recorded that!$1\"/emote Nova.Dylan 60/globalFade/viewport -1000 -1000/pause 1000/speak Nova.Eli \"Rescued by my own baby brother! Looks like I owe you one!$3\"/speak Nova.Dylan \"You can repay me by not dropping the flour this time.$3\"/end"
			}
		},

		{
			"LogName": "The Clinic Appointment",
			"Action": "EditData",
			"Target": "Data/Events/EastScarp_Village",
			"Entries": {
				"EnD.EnD.02/t 0600 1200/w sunny/d Sat Sun/f Nova.Eli 1000/f Nova.Dylan 1000/F/e EnD.Eli.05":
				"continue/15 52/Nova.Eli 17 52 2 Nova.Dylan 17 60 0 Aideen 16 52 1 Maru 999 999 2 Harvey 999 999 2/addConversationTopic EnDClinicAppointment 3/skippable/ignoreCollisions farmer/showFrame Nova.Eli 24/advancedMove Nova.Dylan false 0 -4 4 1000 0 -3 4 10/pause 1000/textAboveHead Aideen \"Wake up!\"/pause 1000/emote Nova.Dylan 28 true/pause 2400/shake Aideen 500/shake Nova.Eli 500/emote Nova.Eli 24/pause 1000/speak Nova.Dylan \"Oh no... I'm sorry Aideen, I got here as quickly as I could.$2\"/shake Aideen 500/shake Nova.Eli 500/textAboveHead Nova.Eli \"ZZZZZZZZZZ\"/pause 2600/emote Aideen 12/speak Aideen \"That is quite alright, Dylan. But I need you to see to Eli as quickly as possible.$2#$b#I will not have your brother crumpled unceremoniously in my garden like this, especially not where the neighbours can see.$3\"/textAboveHead Nova.Dylan \"No worries.\"/pause 2700/shake Nova.Dylan 250/playSound thudStep/shake Nova.Eli 250/textAboveHead Nova.Eli \"OWW!\"/showFrame Nova.Eli 23/pause 750/showFrame Nova.Eli 12/pause 500/showFrame Nova.Eli 0/speak Nova.Eli \"Really, Dylan? Why'd you go and kick me like that?$2\"/emote Nova.Dylan 40/pause 1000/showFrame Nova.Eli 66/pause 500/emote Aideen 40/emote Nova.Eli 60/speak Nova.Eli \"Oh, shit...!$7#$b#Morning, Aideen! Nice to see you. Hahahahaha... hahaha... ha...! I'm so dead.$12\"/speak Aideen \"Why were you passed out in my garden?$2\"/showFrame Nova.Eli 32/speak Nova.Eli \"All I remember is heading home from my last job at the Guild. I hadn't slept the last few nights...$2\"/emote Aideen 28/speak Nova.Dylan \"Eli, you can't go on like this. What if you'd passed out in the mines? What if one of the rock crabs got hold of you?$2#$b#Come on. I'm taking you to the clinic right now.$0\"/emote Nova.Eli 16 true/showFrame Nova.Eli 0/jump Nova.Eli/pause 1000/speak Nova.Eli \"Like hell you are! I'm not going and you can't make me, you hear me?!$8\"/globalFade/viewport -1000 -1000/warp Aideen 999 999/changeLocation Hospital/doAction 5 13/warp Maru 20 7 true/faceDirection Maru 0 true/warp Nova.Eli 20 5/showFrame Nova.Eli 19 true/positionOffset Nova.Eli -20 -20 true/warp Harvey 18 5 true/faceDirection Harvey 1 true/warp Nova.Dylan 18 6 true/faceDirection Nova.Dylan 1 true/viewport 10 9 clamp true/playMusic Hospital_Ambient/pause 1500/speak Harvey \"There we go! That wasn't so bad, was it Eli?$1\"/shake Nova.Eli 1000/emote Nova.Eli 28/speak Nova.Dylan \"I'm so sorry about his behaviour on the way in, doctor.$2#$b#I'm sure that most of your patients don't require THREE PEOPLE just to get them into the exam room. I'm very embarrassed.$5\"/shake Nova.Eli 500/faceDirection Harvey 2/speak Harvey \"It's okay, Dylan. Phobias of doctors and medical environments are more common than you'd think.$0\"/emote Maru 32 true/faceDirection Harvey 1/speak Harvey \"At least we know that he's physically healthy!$1#$b#I think we're going to up the dosage of your insomnia medication, Eli. And in a few weeks, we'll see if it's made any difference.$0\"/emote Nova.Eli 16/shake Nova.Eli 1000/speak Nova.Eli \"You want me to come back?!$7\"/emote Harvey 32/speak Harvey \"Just to see if you've had an easier time sleeping with these new pills! There won't be any needles, I promise.$1\"/emote Nova.Eli 28/speak Harvey \"I just need to go for a minute to fill out your prescription. While I'm at it Maru, would you mind coming with to check our appointments for an opening?$0\"/speak Maru \"Of course. You were very brave, Eli!$1\"/speed Maru 3/advancedMove Maru false 0 1 -4 0 0 -1 -6 0 0 3 -5 0 0 5 1 0 2 10/speed Harvey 3/advancedMove Harvey false 1 0 0 1 1 0 0 2 -4 0 0 -1 -6 0 0 3 -5 0 0 5 2 10/pause 1000/advancedMove Nova.Dylan false 0 -1 1 10/pause 1000/speak Nova.Dylan \"Hey. I'm sorry for getting angry. I know this is hard for you.$9\"/shake Nova.Eli 500/playSound dwop/warp Nova.Eli 19 5 true/showFrame Nova.Eli 12 true/faceDirection Nova.Eli 3/emote Nova.Eli 40/waitForAllStationary/speak Nova.Eli \"I'm sorry too. Because I'm getting out of here before they come back.$9\"/faceDirection Nova.Eli 2/textAboveHead Nova.Dylan \"Don't you DARE-!\"/animate Nova.Eli false false 50 32 33 34 35 35 36 36 37 37 38 39 39 40 41 41 44 45 46 47 51 29 29 29 29 29 29 29/pause 1400/playSound throw/warp Nova.Eli 999 999/speed Nova.Dylan 4/advancedMove Nova.Dylan false 0 1 2 0 0 2 -4 0 0 -1 -6 0 2 10/pause 150/stopAnimation Nova.Eli/pause 150/animate Nova.Eli false false 50 46 45 44 41 41 40 39 39 38 84 84 84 84 38 39 39 40 41 41 44 45 46 47 51 29 29 29 29 29 29 29/shake Nova.Eli 1200 true/warp Nova.Eli 10 8 true/pause 400/playSound throw/pause 700/pause 700/playSound throw/warp Nova.Eli 999 999/pause 150/stopAnimation Nova.Eli/pause 150/animate Nova.Eli false false 50 46 45 44 41 41 40 39 39 38 37 37 37 37 38 39 39 40 41 41 44 45 46 47 51 29 29 29 29 29 29 29/shake Nova.Eli 1200 true/warp Nova.Eli 5 10 true/pause 400/playSound throw/textAboveHead Nova.Dylan \"ELI!\"/pause 1400/playSound throw/warp Nova.Eli 999 999/faceDirection Harvey 0 true/faceDirection Maru 2 true/emote Harvey 8 true/pause 150/stopAnimation Nova.Eli/pause 50/pause 100/animate Nova.Eli false false 50 46 45 44 41 41 40 39 39 38 37 37 36 36 35 35 34 33 32 32 32 32 32/shake Nova.Eli 1200 true/warp Nova.Eli 10 14 true/pause 400/playSound throw/pause 700/stopAnimation Nova.Eli/showFrame Nova.Eli 0/speed Nova.Eli 6/faceDirection Maru 1 true/faceDirection Harvey 1/textAboveHead Maru \"What the -!\"/advancedMove Nova.Eli false 0 5 2 10/pause 100/faceDirection Harvey 2 true/faceDirection Maru 2/pause 1400/emote Nova.Dylan 12 true/warp Nova.Eli 999 999/playSound doorClose/pause 500/globalFade/viewport -1000 -1000/speak Harvey \"He didn't open the reception door. How did he...?$8\"/pause 500/speak Nova.Dylan \"I am going to kill him. But first... how am I supposed to explain THAT?$7\"/end"
			}
		}
	]
}