{
	"Changes": [
	
	{
		"LogName": "Eli",
		"Action": "EditData",
		"Target": "Characters/Dialogue/Nova.Eli",
		"Entries": {
			
			//Intro
			
			"Introduction": "{{i18n:Core.NovaEli.Introduction}}",

			//Entry Dialogue

	         "Saloon_Entry": "{{i18n:Core.NovaEli.SaloonEntry}}",
			 "SeedShop_Entry": "{{i18n:Core.NovaEli.SeedShopEntry|FName={{FarmName}}}}",
			 "Hospital_Entry": "{{i18n:Core.NovaEli.HospitalEntry}}",

			//Important Dates
			
			"spring_2_2": "{{i18n:Core.NovaEli.Spring.2.2}}",
			"spring_3_1": "{{i18n:Core.NovaEli.Spring.3.1}}",
			"spring_12": "{{i18n:Core.NovaEli.Spring.12}}",
			"spring_23": "{{i18n:Core.NovaEli.Spring.23}}",
			"spring_27": "{{i18n:Core.NovaEli.Spring.27}}",

			"summer_10": "{{i18n:Core.NovaEli.Summer.10}}",
			"summer_27": "{{i18n:Core.NovaEli.Summer.27}}",

			"fall_15": "{{i18n:Core.NovaEli.Fall.15}}",
			"fall_17": "{{i18n:Core.NovaEli.Fall.17}}",
			"fall_26": "{{i18n:Core.NovaEli.Fall.26}}",
			"fall_28": "{{i18n:Core.NovaEli.Fall.28}}",

			"winter_5": "{{i18n:Core.NovaEli.Winter.5}}",
			"winter_7": "{{i18n:Core.NovaEli.Winter.7}}",
			"winter_15": "{{i18n:Core.NovaEli.Winter.15}}",
			"winter_16": "{{i18n:Core.NovaEli.Winter.16}}",
			"winter_17": "{{i18n:Core.NovaEli.Winter.17}}",
			"winter_18": "{{i18n:Core.NovaEli.Winter.18}}",
			"winter_24": "{{i18n:Core.NovaEli.Winter.24}}",
			"winter_28": "{{i18n:Core.NovaEli.Winter.28}}",

			//Festival Lines

			"wonEggHunt": "{{i18n:Core.NovaEli.wonEggHunt}}",
			"wonGrange": "{{i18n:Core.NovaEli.wonGrange}}",
			"wonIceFishing": "{{i18n:Core.NovaEli.wonIceFishing}}",
			"Fair_Judging": "{{i18n:Core.NovaEli.Fair_Judging}}",
			"Fair_Judged_PlayerLost_PurpleShorts": "{{i18n:Core.NovaEli.Fair_Judged_PlayerLost_PurpleShorts}}",
			"Fair_Judged_PlayerLost_Skipped": "{{i18n:Core.NovaEli.Fair_Judged_PlayerLost_Skipped}}",
			"Fair_Judged_PlayerLost": "{{i18n:Core.NovaEli.Fair_Judged_PlayerLost}}",
			"Fair_Judged_PlayerWon": "{{i18n:Core.NovaEli.Fair_Judged_PlayerWon}}",

			"FlowerDance_Accept": "{{i18n:Core.NovaEli.FlowerDanceAccept}}",
			"FlowerDance_Decline": "{{i18n:Core.NovaEli.DanceRejection}}",

			"WinterStar_GiveGift_Before": "{{i18n:Core.NovaEli.WinterStar_GiveGift_Before}}",
			"WinterStar_GiveGift_After": "{{i18n:Core.NovaEli.WinterStar_GiveGift_After}}"
		}
	},
	{
		"LogName": "Eli 0-4 Heart Dialogue",
		"Action": "EditData",
		"Update": "OnLocationChange",
		"Target": "Characters/Dialogue/Nova.Eli",
		"Entries": {
			"{{WeekDay}}": "{{i18n:Core.NovaEli.0-4.{{Random:{{Range: 1, 60}}}}}}"
		},
		"When": {
			"HasFlag: |contains=EnD_Eli_OverrideSeenToday": false,
			"Hearts:Nova.Eli": "{{Range: 0, 4}}"
		  }
	},
	{
		"LogName": "Eli 6-10 Heart Dialogue (Platonic)",
		"Action": "EditData",
		"Update": "OnLocationChange",
		"Target": "Characters/Dialogue/Nova.Eli",
		"Entries": {
			"{{WeekDay}}": "{{i18n:Core.NovaEli.6-10.{{Random:{{Range: 1, 100}}}}}}"
		},
		"When": {
			"HasFlag: |contains=EnD_Eli_OverrideSeenToday": false,
			"Hearts:Nova.Eli": "{{Range: 4, 10}}"
		  }
	},
	{
		"LogName": "Eli Seasonal Dialogue Override 0-4",
		"Action": "EditData",
		"Update": "OnLocationChange",
		"Target": "Characters/Dialogue/Nova.Eli",
		"Priority": "Late",
		"Entries": 	{ 
			"{{WeekDay}}": "{{i18n:Core.NovaEli.0-4.{{season}}.{{Random:{{Range: 1, 10}}|key={{Time}}}}}}#$action AddMail Current EnD_Eli_OverrideSeenToday received"
		},
		"When": { 
			"Query: {{Random: {{Range: 1, 15}}|key=ESO}} = 1": true,
			"HasFlag: |contains=EnD_Eli_OverrideSeenToday": false,
			"Hearts:Nova.Eli": "{{Range: 0, 4}}"
		 }
	},
	{
		"LogName": "Eli Seasonal Dialogue Override 5-10 (Platonic)",
		"Action": "EditData",
		"Update": "OnLocationChange",
		"Target": "Characters/Dialogue/Nova.Eli",
		"Priority": "Late",
		"Entries": 	{ 
			"{{WeekDay}}": "{{i18n:Core.NovaEli.6-10.{{season}}.{{Random:{{Range: 1, 20}}|key={{Time}}}}{{Random_Dialogue_Tokens}}}}#$action AddMail Current EnD_Eli_OverrideSeenToday received"
		},
		"When": { 
			"Query: {{Random: {{Range: 1, 15}}|key=ESO}} = 1": true,
			"HasFlag: |contains=EnD_Eli_OverrideSeenToday": false,
			"Hearts:Nova.Eli": "{{Range: 4, 10}}"
		 }
	},
	//#BearFam Commentary
	{
		"LogName": "Eli #BearFam Commentary (Sig/Sondra)",
		"Action": "EditData",
		"Update": "OnLocationChange",
		"Target":"Characters/Dialogue/Nova.Eli",
		"Priority": "Late",
		"Entries": {
			"{{WeekDay}}": "{{i18n:Core.NovaEli.SigSondra.{{Random:{{Range: 1, 10}}|key={{Time}}}}}}#$action AddMail Current EnD_Eli_OverrideSeenToday received"
		},
		"When": {
			"HasMod": "MadDog.HashtagBearFam",
			"HasFlag: |contains=EnD_Eli_OverrideSeenToday": false,
			"Query: {{Random: {{Range: 1, 20}}|key=ESigSon}} = 1": true
		}
	},
	{
		"LogName": "Eli #BearFam Commentary (Gunnar/Gudrun)",
		"Action": "EditData",
		"Update": "OnLocationChange",
		"Target":"Characters/Dialogue/Nova.Eli",
		"Priority": "Late",
		"Entries": {
			"{{WeekDay}}": "{{i18n:Core.NovaEli.GunnarGudrun.{{Random:{{Range: 1, 10}}|key={{Time}}}}}}#$action AddMail Current EnD_Eli_OverrideSeenToday received"
		},
		"When": {
			"HasMod": "MadDog.HashtagBearFam",
			"HasFlag": "BearFamExtraMembers",
			"HasFlag: |contains=EnD_Eli_OverrideSeenToday": false,
			"Query: {{Random: {{Range: 1, 20}}|key=EGunGud}} = 1": true
		}
	},
	{
		"LogName": "Eli #BearFam Commentary (Teren, Platonic)",
		"Action": "EditData",
		"Update": "OnLocationChange",
		"Target": "Characters/Dialogue/Nova.Eli",
		"Priority": "Late",
		"Entries": {
			"{{WeekDay}}": "{{i18n:Core.NovaEli.TerenPlatonic.{{Random:{{Range: 1, 5}}|key={{Time}}}}}}#$action AddMail Current EnD_Eli_OverrideSeenToday received"
		},
		"When": {
			"HasMod": "MadDog.HashtagBearFam",
			"HasSeenEvent": "MadDog.BearFam.16199000",
			"HasFlag |contains=EliTerenRHActive": false,
			"HasFlag: |contains=EnD_Eli_OverrideSeenToday": false,
			"Query: {{Random: {{Range: 1, 20}}|key=ETerP}} = 1": true
		}
	},
	{
		"LogName": "Eli #BearFam Commentary (Teren, Romantic)",
		"Action": "EditData",
		"Update": "OnLocationChange",
		"Target": "Characters/Dialogue/Nova.Eli",
		"Priority": "Late",
		"Entries": {
			"{{WeekDay}}": "{{i18n:Core.NovaEli.TerenRomantic.{{Random:{{Range: 1, 2}}|key={{Time}}}}}}#$action AddMail Current EnD_Eli_OverrideSeenToday received"
		},
		"When": {
			"HasMod": "MadDog.HashtagBearFam",
			"HasSeenEvent": "MadDog.BearFam.16199000",
			"HasFlag |contains=EliTerenRHActive": true,
			"HasFlag: |contains=EnD_Eli_OverrideSeenToday": false,
			"Query: {{Random: {{Range: 1, 25}}|key=ETerR}} = 1": true
		}
	},

	//The Writer, the Witch and the Wardrobe Assistant commentary

	{
		"LogName": "Eli Rodney Commentary",
		"Action": "EditData",
		"Update": "OnLocationChange",
		"Target": "Characters/Dialogue/Nova.Eli",
		"Priority": "Late",
		"Entries": {
			"{{WeekDay}}": "{{i18n:Core.NovaEli.Rodney.{{Random:{{Range: 1, 5}}|key={{Time}}}}}}#$action AddMail Current EnD_Eli_OverrideSeenToday received"
		},
		"When": {
			"HasMod": "TheFrenchDodo.RodneyOBrien",
			"HasFlag: |contains=EnD_Eli_OverrideSeenToday": false,
			"Query: {{Random: {{Range: 1, 20}}|key=ERod}} = 1": true
		}
	},

	//Diamond in the Rough Commentary

	{
		"LogName": "Eli Sen Commentary",
		"Action": "EditData",
		"Update": "OnLocationChange",
		"Target": "Characters/Dialogue/Nova.Eli",
		"Priority": "Late",
		"Entries": {
			"{{WeekDay}}": "{{i18n:Core.NovaEli.Sen.{{Random:{{Range: 1, 5}}|key={{Time}}}}}}#$action AddMail Current EnD_Eli_OverrideSeenToday received"
		},
		"When": {
			"HasMod": "7thAxis.DitR.CP, 7thAxis.LitD.CP",
			"HasSeenEvent": "EnD.Eli.05",
			"HasFlag: |contains=EnD_Eli_OverrideSeenToday": false,
			"Query: {{Random: {{Range: 1, 20}}|key=ESen}} = 1": true
		}
	},

	//Sword & Sorcery Commentary

	{
		"LogName": "Eli Mateo Commentary",
		"Action": "EditData",
		"Update": "OnLocationChange",
		"Target": "Characters/Dialogue/Nova.Eli",
		"Priority": "Late",
		"Entries": {
			"{{WeekDay}}": "{{i18n:Core.NovaEli.Mateo.{{Random:{{Range: 1, 5}}|key={{Time}}}}}}#$action AddMail Current EnD_Eli_OverrideSeenToday received"
		},
		"When": {
			"HasMod": "DN.SnS.CP",
			"HasSeenEvent": "SnS.Ch1.Mateo.1",
			"HasFlag: |contains=EnD_Eli_OverrideSeenToday": false,
			"Query: {{Random: {{Range: 1, 20}}|key=EMat}} = 1": true
		}
	},

	//Nora Commentary

	{
		"LogName": "Eli Nora Commentary",
		"Action": "EditData",
		"Update": "OnLocationChange",
		"Target": "Characters/Dialogue/Nova.Eli",
		"Priority": "Late",
		"Entries": {
			"{{WeekDay}}": "{{i18n:Core.NovaEli.Nora.{{Random:{{Range: 1, 5}}|key={{Time}}}}}}#$action AddMail Current EnD_Eli_OverrideSeenToday received"
		},
		"When": {
			"HasMod": "Bagi.Nora.CP",
			"HasFlag: |contains=EnD_Eli_OverrideSeenToday": false,
			"Query: {{Random: {{Range: 1, 20}}|key=ENor}} = 1": true
		}
	},

	{
		"LogName": "Romance Stuff",
		"Action": "EditData",
		"Target": "Characters/Dialogue/Nova.Eli",
		"Entries": {

			//Positive

			//"AcceptBouquet": "",
			//"SpouseStardrop": "",

			//Negative

			"RejectBouquet_NotDateable": "{{i18n:Core.NovaEli.RejectBouquet_NotDateable}}",
			"RejectBouquet_NpcAlreadyMarried": "{{i18n:Core.NovaEli.RejectBouquet_NpcAlreadyMarried}}",
			"RejectBouquet_Divorced": "{{i18n:Core.NovaEli.RejectBouquet_Divorced}}",
			"RejectBouquet_VeryLowHearts": "{{i18n:Core.NovaEli.Reject2Hearts.B}}",
			"RejectBouquet_LowHearts": "{{i18n:Core.NovaEli.Reject4Hearts.B}}",

			"RejectMermaidPendant_Divorced": "{{i18n:Core.NovaEli.RejectMermaidPendant_Divorced}}",
			"RejectMermaidPendant_NpcWithSomeoneElse": "{{i18n:Core.NovaEli.RejectMermaidPendant_NpcWithSomeoneElse}}",
			"RejectMermaidPendant_PlayerWithSomeoneElse": "{{i18n:Core.NovaEli.RejectMermaidPendant_PlayerWithSomeoneElse}}",
			"RejectMermaidPendant_Under8Hearts": "{{i18n:Core.NovaEli.RefusalNoHearts.A}}",
			"RejectMermaidPendant_Under10Hearts": "{{i18n:Core.NovaEli.RejectMermaidPendant_Under10Hearts}}",
			"RejectMermaidPendant_Under10Hearts_AskedAgain": "{{i18n:Core.NovaEli.RefusalKnown.B}}",

			"RejectMovieTicket_Divorced": "{{i18n:Core.NovaEli.RejectMovieTicket_Divorced}}",

			//"Spouse_MonstersInHouse": "",
			//"SpouseFarmhouseClutter": "",

			//Unique Courtship Responses

			"refusal_no_heartsA": "{{i18n:Core.NovaEli.RefusalNoHearts.A}}",
			"refusal_no_heartsB": "{{i18n:Core.NovaEli.RefusalNoHearts.B}}",
			"reject_two_heartA": "{{i18n:Core.NovaEli.Reject2Hearts.A}}",
			"reject_two_heartsB": "{{i18n:Core.NovaEli.Reject2Hearts.B}}",
			"reject_four_heartsA": "{{i18n:Core.NovaEli.Reject4Hearts.A}}",
			"reject_four_heartsB": "{{i18n:Core.NovaEli.Reject4Hearts.B}}",
			"refusal_knownA": "{{i18n:Core.NovaEli.RefusalKnown.A}}",
			"refusal_knownB": "{{i18n:Core.NovaEli.RefusalKnown.B}}",
			"refusal_botherA": "{{i18n:Core.NovaEli.RefusalBother.A}}",
			"refusal_botherB": "{{i18n:Core.NovaEli.RefusalBother.B}}",
			"engageA": "{{i18n:Core.NovaEli.RefusalEngaged.A}}",
			"engageB": "{{i18n:Core.NovaEli.RefusalEngaged.B}}",
			"marriedA": "{{i18n:Core.NovaEli.RefusalMarried.A.1}}{{spouse}}{{i18n:Core.NovaEli.RefusalMarried.A.2}}",
			"marriedB": "{{i18n:Core.NovaEli.RefusalMarried.B.1}}{{spouse}}{{i18n:Core.NovaEli.RefusalMarried.B.2}}"
		}
	},

	{
		"LogName": "Eli Misc Dialogue",
		"Action": "EditData",
		"Target": "Characters/Dialogue/Nova.Eli",
		"Entries": {
			"HitBySlingshot": "$action AddFriendshipPoints 30{{i18n:Core.NovaEli.HitBySlingshot.{{Random:{{Range: 1, 5}}}}}}",
			"DumpsterDiveComment": "{{i18n:Core.NovaEli.DumpsterDiveComment}}",
			"RejectMovieTicket_AlreadyInvitedBySomeoneElse": "{{i18n:Core.NovaEli.RejectMovieTicket_AlreadyInvitedBySomeoneElse}}",
			"RejectMovieTicket_AlreadyWatchedThisWeek": "{{i18n:Core.NovaEli.RejectMovieTicket_AlreadyWatchedThisWeek}}",
			"WipedMemory": "{{i18n:Core.NovaEli.WipedMemory}}",
			"Resort_Entering": "{{i18n:Core.NovaEli.Resort_Entering}}",
			"Resort": "{{i18n:Core.NovaEli.Resort}}",
			"Resort_Leaving": "{{i18n:Core.NovaEli.Resort_Leaving}}",
			"Resort_Shore": "{{i18n:Core.NovaEli.Resort_Shore}}",
			"Resort_Wander": "{{i18n:Core.NovaEli.Resort_Wander}}",
			"Resort_Wander_2": "{{i18n:Core.NovaEli.Resort_Wander_2}}",
			"Resort_Wander_3": "{{i18n:Core.NovaEli.Resort_Wander_3}}",
			"Resort_Chair": "{{i18n:Core.NovaEli.Resort_Chair}}",
			"Resort_Towel": "{{i18n:Core.NovaEli.Resort_Towel}}",
			"Resort_Towel_2": "{{i18n:Core.NovaEli.Resort_Towel_2}}",
			"Resort_Towel_3": "{{i18n:Core.NovaEli.Resort_Towel_3}}",
			"divorced_once": "{{i18n:Core.NovaEli.divorced_once}}",
  			"divorced_twice": "{{i18n:Core.NovaEli.divorced_twice}}",
			"cropMatured_260": "{{i18n:Core.NovaEli.cropMatured_260}}",
			"cropMatured_TenebrousNova.EnD.MandrakeRoot": "{{i18n:Core.NovaEli.cropMatured_TenebrousNova.EnD.MandrakeRoot}}",
			"cropMatured_TenebrousNova.EnD.SanguineHeart": "{{i18n:Core.NovaEli.cropMatured_TenebrousNova.EnD.SanguineHeart}}",
			"cropMatured_TenebrousNova.EnD.BeholderFruit": "{{i18n:Core.NovaEli.cropMatured_TenebrousNova.EnD.BeholderFruit}}",
			"cropMatured_TenebrousNova.EnD.DragonEye": "{{i18n:Core.NovaEli.cropMatured_TenebrousNova.EnD.DragonEye}}",
			"cropMatured_TenebrousNova.EnD.CrystallineLily": "{{i18n:Core.NovaEli.cropMatured_TenebrousNova.EnD.CrystallineLily}}",
			"cropMatured_TenebrousNova.EnD.PixieBloom": "{{i18n:Core.NovaEli.cropMatured_TenebrousNova.EnD.PixieBloom}}",
			"cropMatured_TenebrousNova.EnD.Bluffshroom": "{{i18n:Core.NovaEli.cropMatured_TenebrousNova.EnD.Bluffshroom}}",
			"fishCaught_TenebrousNova.EnD.LambentHyphafin": "{{i18n:Core.NovaEli.fishCaught_TenebrousNova.EnD.LambentHyphafin}}",
			"fishCaught_TenebrousNova.EnD.Junimeel": "{{i18n:Core.NovaEli.fishCaught_TenebrousNova.EnD.Junimeel}}",
			"gotPet": "{{i18n:Core.NovaEli.gotPet}}",
			"firstVisit_TenebrousNova.EliDylan.CP_ESEDHouse": "{{i18n:Core.NovaEli.firstVisit_TenebrousNova.EliDylan.CP_ESEDHouse}}",
			"houseUpgrade_1": "{{i18n:Core.NovaEli.houseUpgrade_1}}",
			"houseUpgrade_2": "{{i18n:Core.NovaEli.houseUpgrade_2}}",
			"GreenRain": "{{i18n:Core.NovaEli.GreenRain}}",
			"GreenRain2": "{{i18n:Core.NovaEli.GreenRain2}}",
			"GreenRainFinished": "{{i18n:Core.NovaEli.GreenRainFinished}}",
			"mineArea_20": "{{i18n:Core.NovaEli.mineArea_20}}",
			"minearea_60": "{{i18n:Core.NovaEli.minearea_60}}",
			"structureBuilt_Slime Hutch": "{{i18n:Core.NovaEli.structureBuilt_Slime Hutch}}",
			"dating_Shane": "{{i18n:Core.NovaEli.dating_Shane}}",
			"dating_Alex": "{{i18n:Core.NovaEli.dating_Alex}}",
			"roommates_Krobus": "{{i18n:Core.NovaEli.roommates_Krobus}}"
			//eventseen_(thearrivalevent)_memory_oneweek
			//oneday, oneweek, twoweeks, fourweeks, eightweeks, and oneyear
		}
	},

	{
		"LogName": "Eli Locational Dialogue",
		"Action": "EditData",
		"Target": "Characters/Dialogue/Nova.Eli",
		"Entries": {
			"Mine_20_4": "{{i18n:Locations.NovaEli.Mines.{{Random:{{Range: 1, 3}}}}}}",
			"ArchaeologyHouse_5_10": "{{i18n:Locations.NovaEli.GuntherDesk.{{Random:{{Range:1, 3}}}}{{Random_Dialogue_Tokens}}}}",
			"ArchaeologyHouse_11_9": "{{i18n:Locations.NovaEli.Library.{{Random:{{Range: 1, 3}}}}}}",
			"ArchaeologyHouse_18_9": "{{i18n:Locations.NovaEli.Library.{{Random:{{Range: 1, 3}}}}}}",
			"ArchaeologyHouse_19_5": "{{i18n:Locations.NovaEli.Library.{{Random:{{Range: 1, 3}}}}}}",
			"ArchaeologyHouse_10_13": "{{i18n:Locations.NovaEli.Library.{{Random:{{Range: 1, 3}}}}}}",
			"ArchaeologyHouse_13_5": "{{i18n:Locations.NovaEli.Library.{{Random:{{Range: 1, 3}}}}}}",
			"ArchaeologyHouse_12_9": "{{i18n:Locations.NovaEli.Library.{{Random:{{Range: 1, 3}}}}}}",
			"ArchaeologyHouse_21_5": "{{i18n:Locations.NovaEli.Library.{{Random:{{Range: 1, 3}}}}}}",
			"Hospital_12_14": "{{i18n:Locations.NovaEli.ClinicWaitA.{{Random:{{Range: 1, 3}}}}}}",
			"Hospital_10_15": "{{i18n:Locations.NovaEli.ClinicWaitB.{{Random:{{Range: 1, 3}}}}}}",
			"Hospital_4_6": "{{i18n:Locations.NovaEli.ClinicAppointment.{{Random:{{Range: 1, 3}}}}}}",
			"{{ModID}}_ESEDHouse_13_21": "{{i18n:Locations.NovaEli.Unconscious.{{Random:{{Range: 1, 3}}}}}}",
			"EastScarp_Village_41_67": "{{i18n:Locations.NovaEli.SpiritsEveInn.1}}",
			"EastScarp_VillageInn_26_27": "{{i18n:Locations.NovaEli.SpiritsEveInn.2}}",
			"EastScarp_VillageInn_44_33": "{{i18n:Locations.NovaEli.Unconscious.{{Random:{{Range: 1, 3}}}}}}",
			"Forest_35_26": "{{i18n:Locations.NovaEli.LateNightRain}}",
			"Forest_92_20": "{{i18n:Locations.NovaEli.RanchFence.{{Random:{{Range: 1, 3}}}}}}"
		}
	},

	{
        "LogName": "Eli Override Seen Today Flag Removal", //Removes the flag that stops the NPC from continuing to talk on time update
        "Action": "EditData",
        "Target": "Data/TriggerActions",
        "Entries": {

            "{{ModId}}.TriggerActions.NovaEli.OverrideSeenToday.Removal.1": {
                "Id": "{{ModId}}.TriggerActions.NovaEli.OverrideSeenToday.Removal.1",
                "Trigger": "DayStarted",
                "Condition": "PLAYER_HAS_MAIL Current EnD_Eli_OverrideSeenToday Any",
                "Actions": [
                    "RemoveMail Current EnD_Eli_OverrideSeenToday",
                    "MarkActionApplied Current {{ModId}}.TriggerActions.NovaEli.OverrideSeenToday.Removal.2 false"
                ]
            },

            "{{ModId}}.TriggerActions.NovaEli.OverrideSeenToday.Removal.2": {
                "Id": "{{ModId}}.TriggerActions.NovaEli.OverrideSeenToday.Removal.2",
                "Trigger": "DayStarted",
                "Condition": "PLAYER_HAS_MAIL Current EnD_Eli_OverrideSeenToday Any",
                "Actions": [
                    "RemoveMail Current EnD_Eli_OverrideSeenToday",
                    "MarkActionApplied Current {{ModId}}.TriggerActions.NovaEli.OverrideSeenToday.Removal.1 false"
                ]
            }
        }
    }

	//Add dialogue about characters from other mods (like birthdays) here later.

	//Also add resort stuff. Examples from Mateo:

	/*            // RESORT
            "Resort_Entering":"This place is amazing! $1#$b#It makes me feel like I'm back in the Fern Islands. Man, how nostalgic.$10",
            "Resort_Leaving":"Today was a good day, but I've had my fill.$10#$b#Nothing beats a post-beach shower. Gotta wash all the sunscreen off.$11",
            "Resort_Shore":"I've visited a lot of different islands, @. But one thing to keep in mind: all of them share the same sky.$14",
            "Resort_Umbrella":"Just taking a little break from running around, @.#1#$b#Be sure to put on some sunscreen if you're going to spend a lot of time out and about.$11",
            "Resort_Wander":"I know I live on a beach, but there's still something special about visiting a different one.$11",
            "Resort_Wander_2":"I need a good pair of sunglasses. The big ones, that the bougie city girls wear.$11",
            "Resort_Chair":"I could probably fall asleep here, but I snooze like a rock and I'd probably miss the boat back.$10",
            "Resort_Bar":"We should toast to your hard work, @. Without you, this probably wouldn't have been set up.$11",
            "Resort_Towel":"%Mateo seems completely relaxed.", 
            "Resort_Towel_2":"I spent many a day in college drinking at the beach instead of writing papers...$7",
            "Resort_Towel_3":"This would be a great place to have a party.$11",
            "Resort":"Did you build a house here, @? Makes sense, being isolated in a beautiful place is hardly a negative.$1",
		*/
	
	]
}