{
    "Changes": [

		//TODO: BIRTHDAY RESPONSES!

	{
		//Eli's responses
		
		"LogName": "Eli Gifts",
        "Action": "EditData",
        "Target": "Characters/Dialogue/Nova.Eli",
        "Entries": {

			//Winter Star

			"WinterStar_ReceiveGift_(O)206": "{{i18n:Gifts.NovaEli.GiftReaction.Pizza.WinterStar}}",
			"WinterStar_ReceiveGift_(O)107": "{{i18n:Gifts.NovaEli.GiftReaction.DinosaurEgg.WinterStar}}",
			"WinterStar_ReceiveGift_(O)565": "{{i18n:Gifts.NovaEli.GiftReaction.FireOpal.WinterStar}}",
			"WinterStar_ReceiveGift_(O)253": "{{i18n:Gifts.NovaEli.GiftReaction.TripleShotEspresso.WinterStar}}",
			"WinterStar_ReceiveGift_(O)773": "{{i18n:Gifts.NovaEli.GiftReaction.LifeElixir.WinterStar}}",
			"WinterStar_ReceiveGift_(O)74": "{{i18n:Gifts.NovaEli.GiftReaction.PrismaticShard.WinterStar}}",
			"WinterStar_ReceiveGift_(O)446": "{{i18n:Gifts.NovaEli.GiftReaction.Rabbit'sFoot.WinterStar}}",
			"WinterStar_ReceiveGift_(O)373": "{{i18n:Gifts.NovaEli.GiftReaction.GoldenPumpkin.WinterStar}}",
			"WinterStar_ReceiveGift_(O)279": "{{i18n:Gifts.NovaEli.GiftReaction.MagicRockCandy.WinterStar}}",
			"WinterStar_ReceiveGift_(O)797": "{{i18n:Gifts.NovaEli.GiftReaction.Pearl.WinterStar}}",

			//Birthday

			"AcceptBirthdayGift_Loved": "{{i18n:Gifts.NovaEli.GiftReaction.Loved.Birthday}}",
        	"AcceptBirthdayGift_Liked": "{{i18n:Gifts.NovaEli.GiftReaction.Liked.Birthday}}",
        	"AcceptBirthdayGift_Disliked": "{{i18n:Gifts.NovaEli.GiftReaction.Disliked.Birthday}}",
        	"AcceptBirthdayGift_Hated": "{{i18n:Gifts.NovaEli.GiftReaction.Hated.Birthday}}",
        	"AcceptBirthdayGift_Neutral": "{{i18n:Gifts.NovaEli.GiftReaction.Neutral.Birthday}}",

            //Loves
			
			"AcceptGift_(O)206": "{{i18n:Gifts.NovaEli.GiftReaction.Pizza.{{Random:{{Range:1, 2}}}}}}",
			"AcceptGift_(O)107": "{{i18n:Gifts.NovaEli.GiftReaction.DinosaurEgg.{{Random:{{Range:1, 2}}}}}}",
			"AcceptGift_(O)565": "{{i18n:Gifts.NovaEli.GiftReaction.FireOpal.{{Random:{{Range:1, 2}}}}}}",
			"AcceptGift_(O)253": "{{i18n:Gifts.NovaEli.GiftReaction.TripleShotEspresso.{{Random:{{Range:1, 4}}}}}}",
			"AcceptGift_(O)773": "{{i18n:Gifts.NovaEli.GiftReaction.LifeElixir.{{Random:{{Range:1, 2}}}}}}",
			"AcceptGift_(O)74": "{{i18n:Gifts.NovaEli.GiftReaction.PrismaticShard.{{Random:{{Range:1, 2}}}}}}",
			"AcceptGift_(O)446": "{{i18n:Gifts.NovaEli.GiftReaction.Rabbit'sFoot.{{Random:{{Range:1, 2}}}}}}",
			"AcceptGift_(O)373": "{{i18n:Gifts.NovaEli.GiftReaction.GoldenPumpkin.{{Random:{{Range:1, 2}}}}}}",
			"AcceptGift_(O)279": "{{i18n:Gifts.NovaEli.GiftReaction.MagicRockCandy.{{Random:{{Range:1, 2}}}}}}",
			"AcceptGift_(O)797": "{{i18n:Gifts.NovaEli.GiftReaction.Pearl.{{Random:{{Range:1, 2}}}}}}",
			"AcceptGift_(O)WWWA.GenuineAutograph": "{{i18n:Gifts.NovaEli.GiftReaction.GenuineAutographedPhoto}}",
			"AcceptGift_(O)sapphicsaph_pitv.PridePop": "{{i18n:Gifts.NovaEli.GiftReaction.sapphicsaph_pitv.PridePop}}",
			"AcceptGift_(O)sapphicsaph_pitv.GaylacticCookie": "{{i18n:Gifts.NovaEli.GiftReaction.sapphicsaph_pitv.GaylacticCookie}}",

			//Likes
			
			"AcceptGift_(O)260": "{{i18n:Gifts.NovaEli.GiftReaction.HotPepper.{{Random:{{Range:1, 2}}}}}}",
			"AcceptGift_(O)395": "{{i18n:Gifts.NovaEli.GiftReaction.Coffee.{{Random:{{Range:1, 2}}}}}}",
			"AcceptGift_(O)552": "{{i18n:Gifts.NovaEli.GiftReaction.Malachite.{{Random:{{Range:1, 2}}}}}}",
			"AcceptGift_(O)258": "{{i18n:Gifts.NovaEli.GiftReaction.Blueberry.{{Random:{{Range:1, 2}}}}}}",
			"AcceptGift_(O)286": "{{i18n:Gifts.NovaEli.GiftReaction.CherryBomb.{{Random:{{Range:1, 2}}}}}}",
			"AcceptGift_(O)287": "{{i18n:Gifts.NovaEli.GiftReaction.Bomb.{{Random:{{Range:1, 2}}}}}}",
			"AcceptGift_(O)289": "{{i18n:Gifts.NovaEli.GiftReaction.MegaBomb.{{Random:{{Range:1, 2}}}}}}",
			"AcceptGift_(O)772": "{{i18n:Gifts.NovaEli.GiftReaction.OilOfGarlic.{{Random:{{Range:1, 2}}}}}}",
			"AcceptGift_(O)881": "{{i18n:Gifts.NovaEli.GiftReaction.BoneFragments.{{Random:{{Range:1, 2}}}}}}",
			"AcceptGift_(O)681": "{{i18n:Gifts.NovaEli.GiftReaction.RainTotem}}",
			"AcceptGift_(O)688": "{{i18n:Gifts.NovaEli.GiftReaction.FarmTotem}}",
            "AcceptGift_(O)690": "{{i18n:Gifts.NovaEli.GiftReaction.BeachTotem}}",
            "AcceptGift_(O)689": "{{i18n:Gifts.NovaEli.GiftReaction.MountainsTotem}}",
            "AcceptGift_(O)261": "{{i18n:Gifts.NovaEli.GiftReaction.DesertTotem}}",
            "AcceptGift_(O)886": "{{i18n:Gifts.NovaEli.GiftReaction.IslandTotem}}",
			"AcceptGift_(O)sapphicsaph_pitv.BiBerryMuffin": "{{i18n:Gifts.NovaEli.GiftReaction.sapphicsaph_pitv.BiBerryMuffin}}",
			"AcceptGift_(O)sapphicsaph_pitv.LesbianLollipop": "{{i18n:Gifts.NovaEli.GiftReaction.sapphicsaph_pitv.LesbianLollipop}}",
			"AcceptGift_(O)sapphicsaph_pitv.EnbyEclair": "{{i18n:Gifts.NovaEli.GiftReaction.sapphicsaph_pitv.EnbyEclair}}",
			"AcceptGift_(O)sapphicsaph_pitv.TastyAceCookie": "{{i18n:Gifts.NovaEli.GiftReaction.sapphicsaph_pitv.TastyAceCookie}}",
			"AcceptGift_(O)sapphicsaph_pitv.ARomanticCookie": "{{i18n:Gifts.NovaEli.GiftReaction.sapphicsaph_pitv.ARomanticCookie}}",
			"AcceptGift_(O)sapphicsaph_pitv.TransTart": "{{i18n:Gifts.NovaEli.GiftReaction.sapphicsaph_pitv.TransTart}}",
			
			//Neutral

			"AcceptGift_(O)WWWA.AutographedPhoto": "{{i18n:Gifts.NovaEli.GiftReaction.AnAutographedPhoto}}",
			
			"AcceptGift_(O)96": "{{i18n:Gifts.NovaEli.GiftReaction.DwarfScrollI}}",
			"AcceptGift_(O)97": "{{i18n:Gifts.NovaEli.GiftReaction.DwarfScrollII}}",
			"AcceptGift_(O)98": "{{i18n:Gifts.NovaEli.GiftReaction.DwarfScrollIII}}",
			"AcceptGift_(O)99": "{{i18n:Gifts.NovaEli.GiftReaction.DwarfScrollIV}}",
			"AcceptGift_(O)121": "{{i18n:Gifts.NovaEli.GiftReaction.DwarvishHelm}}",
			"AcceptGift_(O)122": "{{i18n:Gifts.NovaEli.GiftReaction.DwarfGadget}}",
			"AcceptGift_(O)112": "{{i18n:Gifts.NovaEli.GiftReaction.RustyCog}}",
			"AcceptGift_(O)104": "{{i18n:Gifts.NovaEli.GiftReaction.ElvishJewelry}}",
			"AcceptGift_(O)108": "{{i18n:Gifts.NovaEli.GiftReaction.RareDisc}}",
			"AcceptGift_(O)103": "{{i18n:Gifts.NovaEli.GiftReaction.AncientDoll}}",
			"AcceptGift_582(O)": "{{i18n:Gifts.NovaEli.GiftReaction.SkeletalHand}}",
			"AcceptGift_(O)589": "{{i18n:Gifts.NovaEli.GiftReaction.Trilobite}}",
			"AcceptGift_(O)586": "{{i18n:Gifts.NovaEli.GiftReaction.NautilusFossil}}",
			"AcceptGift_(O)117": "{{i18n:Gifts.NovaEli.GiftReaction.Anchor}}",
			"AcceptGift_(O)118": "{{i18n:Gifts.NovaEli.GiftReaction.GlassShards}}",
			"AcceptGift_(O)106": "{{i18n:Gifts.NovaEli.GiftReaction.OrnamentalFan}}",
			"AcceptGift_(O)116": "{{i18n:Gifts.NovaEli.GiftReaction.DriedStarfish}}",
			"AcceptGift_(O)557": "{{i18n:Gifts.NovaEli.GiftReaction.PetrifiedSlime}}",
			"AcceptGift_(O)584": "{{i18n:Gifts.NovaEli.GiftReaction.PrehistoricVertebra}}",
			"AcceptGift_(O)123": "{{i18n:Gifts.NovaEli.GiftReaction.AncientDrum}}",
			"AcceptGift_(O)115": "{{i18n:Gifts.NovaEli.GiftReaction.PrehistoricTool}}",
			"AcceptGift_(O)120": "{{i18n:Gifts.NovaEli.GiftReaction.PrehistoricHandaxe}}",
			"AcceptGift_(O)124": "{{i18n:Gifts.NovaEli.GiftReaction.GoldenMask}}",
			"AcceptGift_(O)125": "{{i18n:Gifts.NovaEli.GiftReaction.GoldenRelic}}",
			"AcceptGift_(O)588": "{{i18n:Gifts.NovaEli.GiftReaction.PalmFossil}}",
			"AcceptGift_(O)126": "{{i18n:Gifts.NovaEli.GiftReaction.StrangeDoll}}",
			"AcceptGift_(O)127": "{{i18n:Gifts.NovaEli.GiftReaction.StrangeDoll}}",
			"AcceptGift_(O)113": "{{i18n:Gifts.NovaEli.GiftReaction.ChickenStatue}}",
			"AcceptGift_(O)111": "{{i18n:Gifts.NovaEli.GiftReaction.RustySpur}}",
			"AcceptGift_(O)587": "{{i18n:Gifts.NovaEli.GiftReaction.AmphibianFossil}}",
			"AcceptGift_(O)109": "{{i18n:Gifts.NovaEli.GiftReaction.AncientSword}}",
			"AcceptGift_(O)114": "{{i18n:Gifts.NovaEli.GiftReaction.AncientSeed}}",
			"AcceptGift_(O)119": "{{i18n:Gifts.NovaEli.GiftReaction.BoneFlute}}",
			"AcceptGift_(O)579": "{{i18n:Gifts.NovaEli.GiftReaction.PrehistoricScapula}}",
			"AcceptGift_(O)581": "{{i18n:Gifts.NovaEli.GiftReaction.PrehistoricSkull}}",
			"AcceptGift_(O)105": "{{i18n:Gifts.NovaEli.GiftReaction.ChewingStick}}",
			"AcceptGift_(O)101": "{{i18n:Gifts.NovaEli.GiftReaction.Arrowhead}}",
			"AcceptGift_(O)580": "{{i18n:Gifts.NovaEli.GiftReaction.PrehistoricTibia}}",
			"AcceptGift_(O)583": "{{i18n:Gifts.NovaEli.GiftReaction.PrehistoricRib}}",
			"AcceptGift_(O)585": "{{i18n:Gifts.NovaEli.GiftReaction.SkeletalTail}}",
			"AcceptGift_(O)110": "{{i18n:Gifts.NovaEli.GiftReaction.RustySpoon}}",
			"AcceptGift_(O)100": "{{i18n:Gifts.NovaEli.GiftReaction.ChippedAmphora}}",
			
			//Dislikes
			
			"AcceptGift_(O)346": "{{i18n:Gifts.NovaEli.GiftReaction.Alcohol.{{Random:{{Range:1, 2}}}}}}",
			"AcceptGift_(O)303": "{{i18n:Gifts.NovaEli.GiftReaction.Alcohol.{{Random:{{Range:1, 2}}}}}}",
			"AcceptGift_(O)348": "{{i18n:Gifts.NovaEli.GiftReaction.Alcohol.{{Random:{{Range:1, 2}}}}}}",
			"AcceptGift_(O)459": "{{i18n:Gifts.NovaEli.GiftReaction.Alcohol.{{Random:{{Range:1, 2}}}}}}",
			"AcceptGift_(O)873": "{{i18n:Gifts.NovaEli.GiftReaction.Alcohol.{{Random:{{Range:1, 2}}}}}}",
			
			//Hates
			
			"AcceptGift_(O)167": "{{i18n:Gifts.NovaEli.GiftReaction.JojaCola.{{Random:{{Range:1, 2}}}}}}",
			"AcceptGift_(O)789": "{{i18n:Gifts.NovaEli.GiftReaction.LuckyPurpleShorts}}", //You monster.
			"RejectItem_(O)169": "{{i18n:Gifts.NovaEli.GiftReaction.Driftwood}}",
			"RejectItem_(O)170": "{{i18n:Gifts.NovaEli.GiftReaction.BrokenGlasses}}",
			"RejectItem_(O)171": "{{i18n:Gifts.NovaEli.GiftReaction.BrokenCD}}",
			"RejectItem_(O)172": "{{i18n:Gifts.NovaEli.GiftReaction.SoggyNewspaper.{{Random:1++2++3|InputSeparator=++}}}}",
			
			//Can categories still be reacted to with the new format??

			//Artisan Goods (with the exception of alcohol!)
			
			"AcceptGift_category_artisan_goods": "{{i18n:Gifts.NovaEli.GiftReaction.ArtisanGoods}}",
			
			//Fish
			
			"AcceptGift_category_fish": "{{i18n:Gifts.NovaEli.GiftReaction.Fish}}",

			//Eli will reject the Ruby Ring when given to him.
			
			"reject_EastScarp_Vintage_Ruby_Ring": "{{i18n:Gifts.NovaEli.GiftReaction.534}}"
			
        }
	},
	{
		"LogName": "Dylan Gifts",
		"Action": "EditData",
		"Target": "Characters/Dialogue/Nova.Dylan",
		"Entries": {

			//Winter Star

			"WinterStar_ReceiveGift_(O)149": "{{i18n:Gifts.NovaDylan.GiftReaction.Octopus.WinterStar}}",
			"WinterStar_ReceiveGift_(O)265": "{{i18n:Gifts.NovaDylan.GiftReaction.SeafoamPudding.WinterStar}}",
			"WinterStar_ReceiveGift_(O)155": "{{I18n:Gifts.NovaDylan.GiftReaction.SuperCucumber.WinterStar}}",
			"WinterStar_ReceiveGift_(O)560": "{{i18n:Gifts.NovaDylan.GiftReaction.OceanStone.WinterStar}}",
			"WinterStar_ReceiveGift_(O)235": "{{i18n:Gifts.NovaDylan.GiftReaction.Autumn'sBounty.WinterStar}}",
			"WinterStar_ReceiveGift_(O)206": "{{i18n:Gifts.NovaDylan.GiftReaction.Pizza.WinterStar}}",
			"WinterStar_ReceiveGift_(O)797": "{{i18n:Gifts.NovaDylan.GiftReaction.Pearl.WinterStar}}",

			//Birthday

			"AcceptBirthdayGift_Loved": "{{i18n:Gifts.NovaDylan.GiftReaction.Loved.Birthday}}",
        	"AcceptBirthdayGift_Liked": "{{i18n:Gifts.NovaDylan.GiftReaction.Liked.Birthday}}",
        	"AcceptBirthdayGift_Disliked": "{{i18n:Gifts.NovaDylan.GiftReaction.Disliked.Birthday}}",
        	"AcceptBirthdayGift_Hated": "{{i18n:Gifts.NovaDylan.GiftReaction.Hated.Birthday}}",
        	"AcceptBirthdayGift_Neutral": "{{i18n:Gifts.NovaDylan.GiftReaction.Neutral.Birthday}}",
			
			//Loves

			"AcceptGift_(O)149": "{{i18n:Gifts.NovaDylan.GiftReaction.Octopus.{{Random:{{Range:1, 2}}}}}}",
			"AcceptGift_(O)265": "{{i18n:Gifts.NovaDylan.GiftReaction.SeafoamPudding}}",
			"AcceptGift_(O)155": "{{i18n:Gifts.NovaDylan.GiftReaction.SuperCucumber.{{Random:{{Range:1, 2}}}}}}",
			"AcceptGift_(O)560": "{{i18n:Gifts.NovaDylan.GiftReaction.OceanStone}}",
			"AcceptGift_(O)235": "{{i18n:Gifts.NovaDylan.GiftReaction.Autumn'sBounty}}",
			"AcceptGift_(O)206": "{{i18n:Gifts.NovaDylan.GiftReaction.Pizza.{{Random:{{Range:1, 2}}}}}}",
			"AcceptGift_(O)797": "{{i18n:Gifts.NovaDylan.GiftReaction.Pearl}}",
			"AcceptGift_(O)WWWA.GenuineAutograph": "{{i18n:Gifts.NovaDylan.GiftReaction.GenuineAutographedPhoto}}",
			"AcceptGift_(O)sapphicsaph_pitv.PridePop": "",
			"AcceptGift_(O)sapphicsaph_pitv.TastyAceCookie": "",

			//Likes

			"AcceptGift_(O)394": "{{i18n:Gifts.NovaDylan.GiftReaction.RainbowShell}}",
			"AcceptGift_(O)116": "{{i18n:Gifts.NovaDylan.GiftReaction.DriedStarfish}}",
			"AcceptGift_(O)128": "{{i18n:Gifts.NovaDylan.GiftReaction.Pufferfish}}",
			"AcceptGift_(O)129": "{{i18n:Gifts.NovaDylan.GiftReaction.Anchovy}}",
			"AcceptGift_(O)130": "{{i18n:Gifts.NovaDylan.GiftReaction.Tuna}}",
			"AcceptGift_(O)sapphicsaph_pitv.BiBerryMuffin": "",
			"AcceptGift_(O)sapphicsaph_pitv.LesbianLollipop": "",
			"AcceptGift_(O)sapphicsaph_pitv.GaylacticCookie": "",
			"AcceptGift_(O)sapphicsaph_pitv.EnbyEclair": "",
			"AcceptGift_(O)sapphicsaph_pitv.ARomanticCookie": "",
			"AcceptGift_(O)sapphicsaph_pitv.TransTart": "",

			//Neutral

			"AcceptGift_(O)WWWA.AutographedPhoto": "{{i18n:Gifts.NovaDylan.GiftReaction.AnAutographedPhoto}}",

			//Hates

			"AcceptGift_(O)789": "{{i18n:Gifts.NovaDylan.GiftReaction.LuckyPurpleShorts}}",

			//Dylan will reject the Ruby Ring when given to him.
			
			"reject_EastScarp_Vintage_Ruby_Ring": "{{i18n:Gifts.NovaDylan.GiftReaction.534}}"
		}
	}
]
}