{
    "Changes": [
      {
        "Action": "EditData",
        "Target": "Data/Fish",
        "Entries": {
          "TenebrousNova.EnD.LambentHyphafin": "Lambent Hyphafin/50/mixed/12/30/600 1600/spring summer fall winter/both/688 .6 684 .1/3/.5/.5/0",
          "TenebrousNova.EnD.Junimeel": "Junimeel/95/sinker/12/48/600 2600//both/688 .6 684 .1/5/.2/.08/0",
          "TenebrousNova.EnD.CombJelly": "Comb Jelly/20/floater/12/30/1700 2600/summer fall/both/688 .6 684 .1/5/.2/.08/0",
          "TenebrousNova.EnD.BloodybellyCombJelly": "Bloodybelly Comb Jelly/30/floater/12/30/600 2600/winter/both/688 .6 684 .1/5/.2/.08/0"
        }
      },
  //"objectid": "name/how often it darts(15 carp, 100 glacierfish)/how it darts(mixed, smooth, floater, sinker, or dart)/min size inches/max size inches/time to catch/seasons unused/weather (sunny, rainy, both)/location unused/min water depth for best catch/spawn multiplier/depth multiplier/min finishing level"

  {
    "LogName": "Aquarium Sprites",
    "Action": "Load",
    "Target": "Mods/TenebrousNova.EnD.CP/EnDAquariumFish",
    "FromFile": "Assets/EnDAquariumFish.png"
  },

  {
    "LogName": "Aquarium Data",
    "Action": "EditData",
    "Target": "Data/AquariumFish",
    "Entries": {
      "TenebrousNova.EnD.LambentHyphafin": "0/fish/////Mods\\TenebrousNova.EnD.CP\\EnDAquariumFish",
      "TenebrousNova.EnD.Junimeel": "1/eel/////Mods\\TenebrousNova.EnD.CP\\EnDAquariumFish",
      "TenebrousNova.EnD.Marimo": "2/crawl/////Mods\\TenebrousNova.EnD.CP\\EnDAquariumFish/13 10",
      "TenebrousNova.EnD.FrogspawnCoral": "5/static/////Mods\\TenebrousNova.EnD.CP\\EnDAquariumFish",
      "TenebrousNova.EnD.TorchCoral": "6/static/////Mods\\TenebrousNova.EnD.CP\\EnDAquariumFish",
      "TenebrousNova.EnD.DuncanCoral": "7/static/////Mods\\TenebrousNova.EnD.CP\\EnDAquariumFish",
      "TenebrousNova.EnD.Trachyphyllia": "8/static/////Mods\\TenebrousNova.EnD.CP\\EnDAquariumFish",
      "TenebrousNova.EnD.Scolymia": "9/static/////Mods\\TenebrousNova.EnD.CP\\EnDAquariumFish",
      "TenebrousNova.EnD.AcanCoral": "10/static/////Mods\\TenebrousNova.EnD.CP\\EnDAquariumFish",
      "TenebrousNova.EnD.ToadstoolCoral": "11/static/////Mods\\TenebrousNova.EnD.CP\\EnDAquariumFish",
      "TenebrousNova.EnD.CandyCaneCoral": "12/static/////Mods\\TenebrousNova.EnD.CP\\EnDAquariumFish",
      "TenebrousNova.EnD.AcroporaCoral": "13/static/////Mods\\TenebrousNova.EnD.CP\\EnDAquariumFish",
      "TenebrousNova.EnD.EleganceCoral": "14/static/////Mods\\TenebrousNova.EnD.CP\\EnDAquariumFish",
      "TenebrousNova.EnD.Gorgonian": "15/static/////Mods\\TenebrousNova.EnD.CP\\EnDAquariumFish",
      "TenebrousNova.EnD.CombJelly": "16/cephalopod/////Mods\\TenebrousNova.EnD.CP\\EnDAquariumFish",
      "TenebrousNova.EnD.BloodybellyCombJelly": "17/cephalopod/////Mods\\TenebrousNova.EnD.CP\\EnDAquariumFish"
    }
  },

  {
    "Action": "EditData",
    "Target": "Data/FishPondData",
    "Entries": {
      "TenebrousNova.EnD.LambentHyphafin": {
        "ID": "TenebrousNova.EnD.LambentHyphafin",
        "RequiredTags": [
          "fish_lambenthyphafin" //MUST MATCH the tag you used for the object creation
        ],
        "Precedence": 0,
        "SpawnTime": -1,
        "ProducedItems": [
          {
            "RequiredPopulation": 7, //how many fish in there
            "Chance": 0.1, //how likely
            "ItemID": "(O)422", //Purple Mushroom //what item
            "MinQuantity": 1, //minimum quantiy
            "MaxQuantity": 5 //maximum quantity
          },
          {
            "RequiredPopulation": 5,
            "Chance": 0.1,
            "ItemID": "(O)281", //Chanterelle
            "MinQuantity": 1,
            "MaxQuantity": 5
          },
          {
            "RequiredPopulation": 3,
            "Chance": 0.1,
            "ItemID": "(O)257", //Morel
            "MinQuantity": 1,
            "MaxQuantity": 2
          },
          {
            "RequiredPopulation": 0,
            "Chance": 0.7,
            "ItemID": "(O)812", //roe
            "MinQuantity": 1,
            "MaxQuantity": 1
          }
        ],
        "PopulationGates": {    ///when the fish gives you a quest to expand population
          "3": [ //3 is the number of fishies
            "(O)404 5", //Common Mushroom  //you need object and quantity, but it RANDOMLY choose from here which one to give the player
            "(O)420 3", //Red Mushroom
            "(O)560 1" // Ocean Stone
          ],
          "5": [
            "(O)394 3", // Rainbow Shell
            "(O)597 3", //Blue Jazz
            "(O)62 3" //Aquamarine
          ],
          "7": [
            "(O)578 2", //Star Shards
            "(O)84 4", //Frozen Tears
            "(O)204 3" //Lucky Lunch
          ]
        }
      },
      "TenebrousNova.EnD.Junimeel": {
        "ID": "TenebrousNova.EnD.Junimeel",
        "RequiredTags": [
          "fish_junimeel"
        ],
        "Precedence": 0,
        "SpawnTime": -1,
        "ProducedItems": [
          {
            "RequiredPopulation": 7,
            "Chance": 0.1,
            "ItemID": "(O)268", //Starfruit
            "MinQuantity": 1,
            "MaxQuantity": 3
          },
          {
            "RequiredPopulation": 5,
            "Chance": 0.1,
            "ItemID": "(O)749", //Omni Geode
            "MinQuantity": 1,
            "MaxQuantity": 5
          },
          {
            "RequiredPopulation": 3,
            "Chance": 0.1,
            "ItemID": "(O)60", //Emerald
            "MinQuantity": 1,
            "MaxQuantity": 2
          },
          {
            "RequiredPopulation": 0,
            "Chance": 0.7,
            "ItemID": "(O)812",
            "MinQuantity": 1,
            "MaxQuantity": 1
          }
        ],
        "PopulationGates": {
          "3": [
            "(O)70 1", //Jade
            "(O)196 1", //Salad
            "(O)296 5" //Salmonberry
          ],
          "5": [
            "(O)200 1", //Vegetable Medley
            "(O)259 5", //Fiddlehead Fern
            "(O)270 3" //Corn
          ],
          "7": [
            "(O)276 3", //Pumpkin
            "(O)396 3", //Spice Berry
            "(O)564 1" //Opal
          ]
        }
      }
    }
  }
    ]
 }

 