{
    "Changes": [
		{
			"Action": "Load",
			"Target": "Maps/{{ModID}}_ESEDHouse",
			"FromFile": "Assets/Maps/EliDylanHouse.tmx"
		},
		{
			"Action": "Load",
			"Target": "Maps/{{ModID}}_ESEDHouseDark",
			"FromFile": "Assets/Maps/EliDylanHouseDark.tmx"
		},
		{
			"Action": "Load",
			"Target": "Maps/{{ModID}}_ESEDHouseFull",
			"FromFile": "Assets/Maps/EliDylanHouseFull.tmx"
		},
		{
			"Action": "Load",
			"Target": "Maps/{{ModID}}_EDMushroomCave",
			"FromFile": "Assets/Maps/MushroomCave.tmx"
		},
		{
			"Action": "Load",
			"Target": "Maps/{{ModID}}_EDMountainCave",
			"FromFile": "Assets/Maps/DeepMountainCave.tmx"
		},
		{
			"Action": "Load",
			"Target": "Maps/{{ModID}}_DylanTidePool",
			"FromFile": "Assets/Maps/TidePool.tmx"
		},
		{
			"Action": "Load",
			"Target": "Maps/{{ModID}}_OldWoods",
			"FromFile": "Assets/Maps/OldWoods.tmx"
		},
		{
			"Action": "Load",
			"Target": "Maps/{{ModID}}_DylanOcean",
			"FromFile": "Assets/Maps/DylanOcean.tmx"
		},
		{
			"Action": "Load",
			"Target": "Maps/{{ModID}}_DylanAbyss",
			"FromFile": "Assets/Maps/DylanAbyss.tmx"
		},
		{
			"LogName": "Location Data",
			"Action": "EditData",
			"Target": "Data/Locations",
			"Entries": {
				"{{ModID}}_ESEDHouse": {
					"DisplayName": "{{i18n:Core.Locations.ESEDHouse}}",
					"DefaultArrivalTile": { "X": 14, "Y": 27 },
					"CreateOnLoad": { "MapPath": "Maps/TenebrousNova.EliDylan.CP_ESEDHouse" },
					"FormerLocationNames": [ "EastScarp_EDHouse" ]
				},
				"{{ModID}}_ESEDHouseDark": {
					"DisplayName": "{{i18n:Core.Locations.ESEDHouse}}",
					"DefaultArrivalTile": { "X": 14, "Y": 27 },
					"CreateOnLoad": { "MapPath": "Maps/TenebrousNova.EliDylan.CP_ESEDHouseDark" }
				},
				"{{ModID}}_ESEDHouseFull": {
					"DisplayName": "{{i18n:Core.Locations.ESEDHouse}}",
					"DefaultArrivalTile": { "X": 14, "Y": 27 },
					"CreateOnLoad": { "MapPath": "Maps/TenebrousNova.EliDylan.CP_ESEDHouseFull" }
				},
				"{{ModID}}_EDMushroomCave": {
					"DisplayName": "{{i18n:Core.Locations.EDMushroomCave}}",
					"DefaultArrivalTile": { "X": 21, "Y": 19 },
					"CreateOnLoad": { "MapPath": "Maps/TenebrousNova.EliDylan.CP_EDMushroomCave" },
					"FormerLocationNames": [ "Custom_EDMushroomCave" ],
					"FishAreas": {
						"EnD.MushroomCavePond": {
							"DisplayName": "{{i18n:Core.Locations.MushroomCavePond}}",
							"Position": null,
							"CrabPotFishTypes": [],
							"CrabPotJunkChance": 1.0
						}
					},
					"Fish": [
						{
							"Id": "TenebrousNova.EnD.LambentHyphafin",
							"ItemId": "(O)TenebrousNova.EliDylan.LambentHyphafin",
							"FishaAreaID": "EnD.MushroomCavePond",
							"Season": null
						},
						{
              			    "Id": "(O)156",
              			    "ItemId": "(O)156",
              			    "FishAreaID": "EnD.MushroomCavePond",
              			    "Season": null
            			},
						{
							"Id": "(O)158",
							"ItemId": "(O)158",
							"FishAreaID": "EnD.MushroomCavePond",
							"Season": null
						},
						{
							"Id": "(O)153",
							"ItemId": "(O)153",
							"FishAreaID": "EnD.MushroomCavePond",
							"Season": null
						},
						{
							"Id": "(O)157",
							"ItemId": "(O)157",
							"FishAreaID": "EnD.MushroomCavePond",
							"Season": null
						},
						{
							"Id": "(O)257",
							"ItemId": "(O)257",
							"FishAreaID": "EnD.MushroomCavePond",
							"Season": null
						},
						{
							"Id": "(O)422",
							"ItemId": "(O)422",
							"FishAreaID": "EnD.MushroomCavePond",
							"Season": null
						},
						{
							"Id": "(O)420",
							"ItemId": "(O)420",
							"FishAreaID": "EnD.MushroomCavePond",
							"Season": null
						},
						{
							"Id": "(O)281",
							"ItemId": "(O)281",
							"FishAreaID": "EnD.MushroomCavePond",
							"Season": null
						},
						{
							"Id": "(O)404",
							"ItemId": "(O)404",
							"FishAreaID": "EnD.MushroomCavePond",
							"Season": null
						}
					],
					"Forage": [
						{
							"Chance": 0.5,
							"Season": null,
							"ID": "(O)257", //Morel	
							"ItemID": "(O)257"
						},
						{
							"Chance": 0.5,
              				"Season": null,
              				"Id": "(O)422", //purple mush
              				"ItemId": "(O)422"
						},
						{
							"Chance": 0.5,
              				"Season": null,
              				"Id": "(O)420", //Red Mushroom
              				"ItemId": "(O)420"
						},
						{
							"Chance": 0.5,
              				"Season": null,
              				"Id": "(O)281", //Chanterelle
              				"ItemId": "(O)281"
						},
						{
							"Chance": 0.5,
              				"Season": null,
              				"Id": "(O)404", //common mush
              				"ItemId": "(O)404"
						}
					],
					"MinDailyWeeds": 0,
					"MaxDailyWeeds": 0,
					"FirstDayWeedMultiplier": 0,
					"MinDailyForageSpawn": 1,
					"MaxDailyForageSpawn": 3,
					"MaxSpawnedForageAtOnce": 8
				},
				"{{ModID}}_EDMountainCave": {
					"DisplayName": "{{i18n:Core.Locations.EDMountainCave}}",
					"DefaultArrivalTile": { "X": 14, "Y": 38 },
					"CreateOnLoad": { "MapPath": "Maps/TenebrousNova.EliDylan.CP_EDMountainCave" },
					"FormerLocationNames": [ "Custom_EDMountainCave" ]
				},
				"{{ModID}}_DylanTidePool": {
					"DisplayName": "{{i18n:Core.Locations.DylanTidePool}}",
					"CreateOnLoad": { "MapPath": "Maps/TenebrousNova.EliDylan.CP_DylanTidePool" },
					"FormerLocationNames": [ "Custom_DylanTidePool" ]
				},
				"{{ModID}}_OldWoods": {
					"DisplayName": "{{i18n:Core.Locations.OldWoods}}",
					"CreateOnLoad": { "MapPath": "Maps/TenebrousNova.EliDylan.CP_OldWoods" },
					"FormerLocationNames": [ "Custom_OldWoods" ]
				},
				"{{ModID}}_DylanOcean": {
					"DisplayName": "{{i18n:Core.Locations.DylanOcean}}",
					"CreateOnLoad": { "MapPath": "Maps/TenebrousNova.EliDylan.CP_DylanOcean" }
				},
				"{{ModID}}_DylanAbyss": {
					"DisplayName": "{{i18n:Core.Locations.DylanAbyss}}",
					"CreateOnLoad": { "MapPath": "Maps/TenebrousNova.EliDylan.CP_DylanAbyss" }
				}
			}
		},

		//Map Patches

		//Adds the house and garden to East Scarp. Also adds the exterior lantern light.

		{
			"LogName": "House Patch",
			"Action": "EditMap",
			"Target": "Maps/EastScarp_Village",
			"FromFile": "Assets/Maps/{{HouseExterior}}",
			"ToArea": {
			"X": 81,
			"Y": 59,
			"Width": 12,
			"Height": 16
			},
			"TextOperations": [
				{
					"Operation": "Append",
					"Target": [
						"MapProperties",
						"Light"
					],
					"Value": "87 65 2",
					"Delimiter": " "
				}
			]
		},
		//What's this, then...?
		{
			"LogName": "Guest Room",
			"Action": "EditMap",
			"Target": "Maps/{{ModID}}_ESEDHouse",
			"FromFile": "Assets/Maps/GuestRoom.tmx",
			"ToArea": {
				"X": 20,
				"Y": 0,
				"Width": 10,
				"Height": 14
			},
			"TextOperations": [
				{
					"Operation": "Append",
					"Target": [
						"MapProperties",
						"Doors"
					],
					"Value": "24 12 1 120",
					"Delimiter": " "
				}
			],
			"When": {
				"Weather": "Storm"
			}
		},

		//???

		{
			"LogName": "Guest Room (Green)",
			"Action": "EditMap",
			"Target": "Maps/{{ModID}}_ESEDHouse",
			"FromFile": "Assets/Maps/GuestRoomGreen.tmx",
			"ToArea": {
				"X": 20,
				"Y": 0,
				"Width": 10,
				"Height": 14
			},
			"TextOperations": [
				{
					"Operation": "Append",
					"Target": [
						"MapProperties",
						"Doors"
					],
					"Value": "24 12 1 120",
					"Delimiter": " "
				}
			],
			"When": {
				"Weather": "GreenRain"
			}
		},
	
		//Fireplace
	
		{
			"LogName": "EDHouse Fireplace",
			"Action": "EditMap",
			"Target": "Maps/{{ModID}}_ESEDHouse",
			"FromFile": "Assets/Maps/EDHouseFireplace.tmx",
			"ToArea": {
				"X": 15,
				"Y": 19,
				"Width": 2,
				"Height": 2
			},
			"When": {
				"Time": "{{Range: 1800, 2600}}",
				"Season": "spring, fall, winter"
			},
			"PatchMode": "Replace",
			"Update": "OnTimeChange"
		},
	
		//Deep Mountains Cave
	
		{
			"LogName": "Deep Mountains Cave Locked",
			"Action": "EditMap",
			"Target": "Maps/EastScarp_DeepMountains",
			"FromFile": "Assets/Maps/DeepMountainCavePatch.tmx",
			"ToArea": {
				"X": 5,
				"Y": 18,
				"Width": 6,
				"Height": 10
			},
			"PatchMode": "Replace",
			"When": {
				"HasSeenEvent |contains=EnD.Eli.06": "false"
			}
		},
		{
			"LogName": "Deep Mountains Cave Open",
			"Action": "EditMap",
			"Target": "Maps/EastScarp_DeepMountains",
			"FromFile": "Assets/Maps/DeepMountainCavePatchOpen.tmx",
			"ToArea": {
				"X": 5,
				"Y": 18,
				"Width": 6,
				"Height": 10
			},
			"Update": "OnLocationChange",
			"PatchMode": "Replace",
			"TextOperations": [
				{
					"Operation": "Append",
					"Target": [
						"MapProperties",
						"Warp"
					],
					"Value": "8 22 {{ModID}}_EDMountainCave 14 38",
					"Delimiter": " "
				}
			],
			"When": {
				"HasSeenEvent |contains=EnD.Eli.06": "true"
			}
		},
	
		//Saturday beach camp. A nice new evening tradition for East Scarp.
	
		{
			"LogName": "ES Beach Camp",
			"Action": "EditMap",
			"Target": "Maps/EastScarp_Village",
			"FromFile": "Assets/Maps/ESBeachCampPatch.tmx",
			"ToArea": {
				"X": 34,
				"Y": 101,
				"Width": 8,
				"Height": 10
			},
			"TextOperations": [
				{
					"Operation": "Append",
					"Target": [
						"MapProperties",
						"Light"
					],
					"Value": "35 104 4 37 106 4 38 106 4 37 107 4 38 107 4",
					"Delimiter": " "
				}
			],
			"When": {
				"DayOfWeek": "Saturday",
				"Weather": "Sun, Wind, Snow"
			},
			"PatchMode": "Replace"
		},
		{
			"LogName": "ES Beach Campfire",
			"Action": "EditMap",
			"Target": "Maps/EastScarp_Village",
			"FromFile": "Assets/Maps/ESBeachCampPatchFire.tmx",
			"ToArea": {
				"X": 37,
				"Y": 106,
				"Width": 2,
				"Height": 2
			},
			"When": {
				"DayOfWeek": "Saturday",
				"Weather": "Sun, Wind, Snow",
				"Time": "{{Range: 1800, 2600}}"
			},
			"PatchMode": "Replace",
			"Update": "OnTimeChange"
		},

		//New Community Center aquarium.
/*
		{
			"LogName": "EnD CC Aquarium",
			"Action": "EditMap",
			"Target": "Maps/CommunityCenter_Refurbished",
			"FromFile": "Assets/Maps/CCAquariumPatch.tmx",
			"ToArea": {
				"X": 38,
				"Y": 7,
				"Width": 6,
				"Height": 3
			},
			"When": {
				"HasSeenEvent": "191393"
			},
			"PatchMode": "Replace"
		},
	*/
		//Loads the house tilesheets.
	
		{
			"LogName": "House Tilesheets",
			"Action": "Load",
			"Target": "Maps/spring_z_EDHouse, Maps/summer_z_EDHouse, Maps/fall_z_EDHouse, Maps/winter_z_EDHouse",
			"FromFile": "Assets/TileSheets/{{TargetWithoutPath}}.png"
		},
		{
			"LogName": "Interior Tilesheets",
			"Action": "Load",
			"Target": "Maps/Custom_EDInterior",
			"FromFile": "Assets/TileSheets/{{TargetWithoutPath}}.png"
		},

		//House Exterior Lantern

	{
		"LogName": "Night Lantern",
		"Action": "EditImage",
		"Target": "Maps/{{season}}_z_EDHouse",
		"FromFile": "assets/TileSheets/{{season}}_z_EDHouse.png",
		"When": {
			"HasFile:{{FromFile}}": true,
			"Time": "{{Range: 2000, 2600}}"
		},
		"FromArea": {
			"X": 112,
			"Y": 160,
			"Width": 16,
			"Height": 16
		},
		"ToArea": {
			"X": 80,
			"Y": 48,
			"Width": 16,
			"Height": 16
		},
		"PatchMode": "Replace",
		"Update": "OnTimeChange"
	},

	//Eli Intro Patch. This temporarily removes the AlwaysFront parts of the Community Centre roof and replaces them with tiles on the Buildings layer so he can sit there.

	{
		"LogName": "Eli Intro Patch",
		"Action": "EditMap",
		"Target": "Maps/Town",
		"MapTiles": [
			{
				"Position": { "X": 55, "Y": 15 },
				"Layer": "AlwaysFront",
				"Remove": true
			},
			{
				"Position": { "X": 55, "Y": 15 },
				"Layer": "Buildings",
				"SetTileSheet": "Town",
				"SetIndex": "1416"
			},
			{
				"Position": { "X": 55, "Y": 14 },
				"Layer": "AlwaysFront",
				"Remove": true
			},
			{
				"Position": { "X": 55, "Y": 14 },
				"Layer": "Buildings",
				"SetTileSheet": "Town",
				"SetIndex": "1384"
			},
			{
				"Position": { "X": 55, "Y": 13 },
				"Layer": "AlwaysFront",
				"Remove": true
			},
			{
				"Position": { "X": 55, "Y": 13 },
				"Layer": "Buildings",
				"SetTileSheet": "Town",
				"SetIndex": "1352"
			}

		],
		"When": {
			"HasSeenEvent": "112",
			"HasSeenEvent |contains=EnD.Eli.01": "false"
		},
		"Update": "OnLocationChange"
	},

	//Makes it possible for Eli to sit on Pierre's roof for funsies.
	
	{
		"LogName": "Pierre Roof Patch",
		"Action": "EditMap",
		"Target": "Maps/Town",
		"MapTiles": [
			{
				"Position": { "X": 47, "Y": 51},
				"Layer": "Front",
				"Remove": true
			},
			{
				"Position": { "X": 47, "Y": 52},
				"Layer": "Front",
				"Remove": true
			}
		]
	},

	//Adds Marimos and Junimeels to freshwater locations during green rain.

	{
		"LogName": "EnD Greenrain Fish - Town",
		"Action": "EditData",
		"Target": "Data/Locations",
		"TargetField": [
			"Town",
			"Fish"
		],
		"Entries": {
			"TenebrousNova.EnD.Marimo": {
				"Id": "TenebrousNova.EnD.Marimo",
				"ItemId": "(O)TenebrousNova.EnD.Marimo",
				"Condition": "WEATHER Here GreenRain"
			},
			"TenebrousNova.EnD.Junimeel": {
				"Id": "TenebrousNova.EnD.Junimeel",
				"ItemId": "(O)TenebrousNova.EnD.Junimeel",
				"Condition": "WEATHER Here GreenRain"
			}
		}
	},
	{
		"LogName": "EnD Greenrain Fish - Forest",
		"Action": "EditData",
		"Target": "Data/Locations",
		"TargetField": [
			"Forest",
			"Fish"
		],
		"Entries": {
			"TenebrousNova.EnD.Marimo": {
				"Id": "TenebrousNova.EnD.Marimo",
				"ItemId": "(O)TenebrousNova.EnD.Marimo",
				"Condition": "WEATHER Here GreenRain"
			},
			"TenebrousNova.EnD.Junimeel": {
				"Id": "TenebrousNova.EnD.Junimeel",
				"ItemId": "(O)TenebrousNova.EnD.Junimeel",
				"Condition": "WEATHER Here GreenRain"
			}
		}
	},
	{
		"LogName": "EnD Greenrain Fish - Secret Woods",
		"Action": "EditData",
		"Target": "Data/Locations",
		"TargetField": [
			"Woods",
			"Fish"
		],
		"Entries": {
			"TenebrousNova.EnD.Marimo": {
				"Id": "TenebrousNova.EnD.Marimo",
				"ItemId": "(O)TenebrousNova.EnD.Marimo",
				"Condition": "WEATHER Here GreenRain"
			},
			"TenebrousNova.EnD.Junimeel": {
				"Id": "TenebrousNova.EnD.Junimeel",
				"ItemId": "(O)TenebrousNova.EnD.Junimeel",
				"Condition": "WEATHER Here GreenRain"
			}
		}
	},
	{
		"LogName": "EnD Greenrain Fish - Mountain",
		"Action": "EditData",
		"Target": "Data/Locations",
		"TargetField": [
			"Mountain",
			"Fish"
		],
		"Entries": {
			"TenebrousNova.EnD.Marimo": {
				"Id": "TenebrousNova.EnD.Marimo",
				"ItemId": "(O)TenebrousNova.EnD.Marimo",
				"Condition": "WEATHER Here GreenRain"
			},
			"TenebrousNova.EnD.Junimeel": {
				"Id": "TenebrousNova.EnD.Junimeel",
				"ItemId": "(O)TenebrousNova.EnD.Junimeel",
				"Condition": "WEATHER Here GreenRain"
			}
		}
	},
	{
		"LogName": "EnD Ocean Fish - East Scarp",
		"Action": "EditData",
		"Target": "Data/Locations",
		"TargetField": [
			"EastScarp_Village",
			"Fish"
		],
		"Entries": {
			"TenebrousNova.EnD.CombJelly": {
				"Id": "TenebrousNova.EnD.CombJelly",
				"ItemId": "(O)TenebrousNova.EnD.CombJelly",
				"FishAreaId": "ESBay"
			}
		}
	},
	{
		"LogName": "EnD Greenrain Fish - East Scarp",
		"Action": "EditData",
		"Target": "Data/Locations",
		"TargetField": [
			"EastScarp_Village",
			"Fish"
		],
		"Entries": {
			"TenebrousNova.EnD.Marimo": {
				"Id": "TenebrousNova.EnD.Marimo",
				"ItemId": "(O)TenebrousNova.EnD.Marimo",
				"FishAreaId": "ESFreshwater",
				"Condition": "WEATHER Here GreenRain"
			},
			"TenebrousNova.EnD.Junimeel": {
				"Id": "TenebrousNova.EnD.Junimeel",
				"ItemId": "(O)TenebrousNova.EnD.Junimeel",
				"FishAreaId": "ESFreshwater",
				"Condition": "WEATHER Here GreenRain"
			}
		}
	},
	{
		"LogName": "EnD Greenrain Fish - Deep Mountains",
		"Action": "EditData",
		"Target": "Data/Locations",
		"TargetField": [
			"EastScarp_DeepMountains",
			"Fish"
		],
		"Entries": {
			"TenebrousNova.EnD.Marimo": {
				"Id": "TenebrousNova.EnD.Marimo",
				"ItemId": "(O)TenebrousNova.EnD.Marimo",
				"Condition": "WEATHER Here GreenRain"
			},
			"TenebrousNova.EnD.Junimeel": {
				"Id": "TenebrousNova.EnD.Junimeel",
				"ItemId": "(O)TenebrousNova.EnD.Junimeel",
				"Condition": "WEATHER Here GreenRain"
			}
		}
	},
	{
		"LogName": "EnD Greenrain Fish - Shearwater Bridge",
		"Action": "EditData",
		"Target": "Data/Locations",
		"TargetField": [
			"Custom_ShearwaterBridge",
			"Fish"
		],
		"When": {
			"HasMod |contains=FlashShifter.StardewValleyExpandedCP": true
		},
		"Entries": {
			"TenebrousNova.EnD.Marimo": {
				"Id": "TenebrousNova.EnD.Marimo",
				"ItemId": "(O)TenebrousNova.EnD.Marimo",
				"Condition": "WEATHER Here GreenRain"
			},
			"TenebrousNova.EnD.Junimeel": {
				"Id": "TenebrousNova.EnD.Junimeel",
				"ItemId": "(O)TenebrousNova.EnD.Junimeel",
				"Condition": "WEATHER Here GreenRain"
			}
		}
	},

	{
		"LogName": "EnD Ocean Fish - Beach",
		"Action": "EditData",
		"Target": "Data/Locations",
		"TargetField": [
			"Beach",
			"Fish"
		],
		"Entries": {
			"TenebrousNova.EnD.CombJelly": {
				"Id": "TenebrousNova.EnD.CombJelly",
				"ItemId": "(O)TenebrousNova.EnD.CombJelly"
			}
		}
	},

	//Adds corals to the beach.

	{
		"LogName": "EnD Corals - Beach",
		"Action": "EditData",
		"Target": "Data/Locations",
		"TargetField": [
			"Beach",
			"Forage"
		],
		"Entries": {
			"(O)TenebrousNova.EnD.FrogspawnCoral": {
				"Chance": 0.1,
				"Season": null,
				"ID": "(O)TenebrousNova.EnD.FrogspawnCoral",	
				"ItemID": "(O)TenebrousNova.EnD.FrogspawnCoral"
			},
			"(O)TenebrousNova.EnD.TorchCoral": {
				"Chance": 0.1,
				"Season": null,	
				"ItemID": "(O)TenebrousNova.EnD.TorchCoral"
			},
			"(O)TenebrousNova.EnD.DuncanCoral": {
				"Chance": 0.1,
				"Season": null,	
				"ItemID": "(O)TenebrousNova.EnD.DuncanCoral"
			},
			"(O)TenebrousNova.EnD.Trachyphyllia": {
				"Chance": 0.1,
				"Season": null,
				"ItemID": "(O)TenebrousNova.EnD.Trachyphyllia"
			},
			"(O)TenebrousNova.EnD.Scolymia": {
				"Chance": 0.1,
				"Season": null,
				"ItemID": "(O)TenebrousNova.EnD.Scolymia"
			},
			"(O)TenebrousNova.EnD.AcanCoral": {
				"Chance": 0.1,
				"Season": null,	
				"ItemID": "(O)TenebrousNova.EnD.AcanCoral"
			},
			"(O)TenebrousNova.EnD.ToadstoolCoral": {
				"Chance": 0.1,
				"Season": null,	
				"ItemID": "(O)TenebrousNova.EnD.ToadstoolCoral"
			},
			"(O)TenebrousNova.EnD.CandyCaneCoral": {
				"Chance": 0.1,
				"Season": null,
				"ItemID": "(O)TenebrousNova.EnD.CandyCaneCoral"
			},
			"(O)TenebrousNova.EnD.AcroporaCoral": {
				"Chance": 0.1,
				"Season": null,
				"ItemID": "(O)TenebrousNova.EnD.AcroporaCoral"
			},
			"(O)TenebrousNova.EnD.EleganceCoral": {
				"Chance": 0.1,
				"Season": null,
				"ItemID": "(O)TenebrousNova.EnD.EleganceCoral"
			},
			"(O)TenebrousNova.EnD.Gorgonian": {
				"Chance": 0.1,
				"Season": null,
				"ItemID": "(O)TenebrousNova.EnD.Gorgonian"
			}
		}
	},

	{
		"LogName": "EnD Ocean Fish - Submarine",
		"Action": "EditData",
		"Target": "Data/Locations",
		"TargetField": [
			"Submarine",
			"Fish"
		],
		"Entries": {
			"TenebrousNova.EnD.BloodybellyCombJelly": {
				"Id": "TenebrousNova.EnD.BloodybellyCombJelly",
				"ItemId": "(O)TenebrousNova.EnD.BloodybellyCombJelly"
			}
		}
	}
    ]
}