{
  "Changes": [

    //Texture Load

    {
      "Action": "Load",
      "Target": "Mods/EnD/Objects",
      "FromFile": "Assets/EnDObjects.png"
    },
    {
      "Action": "Load",
      "Target": "Mods/EnD/Crops",
      "FromFile": "Assets/EnDCrops.png"
    },

    //Crops

    {
      "Action": "EditData",
      "Target": "Data/Objects",
      "Entries": {
        "TenebrousNova.EnD.MandrakeRoot": {
          "Name": "TenebrousNova.EliDylan.MandrakeRoot",
          "DisplayName": "{{i18n:Core.Items.MandrakeRoot}}",
          "Description": "{{i18n:Core.Items.MandrakeRoot.Description}}",
          "Type": "Vegetable",
          "Category": -75,
          "ExcludeFromRandomSale": true,
          "ExcludeFromShippingCollection": true,
          "Price": 200,
          "Edibility": 30,
          "IsDrink": false,
          "Texture": "Mods/EnD/Objects",
          "SpriteIndex": 0,
          "ContextTags": [
            "color_green",
            "crop_mandrakeroot"
          ]
        },
        "TenebrousNova.EnD.MandrakeRootSeeds": {
          "Name": "TenebrousNova.EnD.MandrakeRootSeeds",
          "DisplayName": "{{i18n:Core.Items.MandrakeRootSeeds}}",
          "Description": "{{i18n:Core.Items.MandrakeRootSeeds.Description}}",
          "Type": "Seeds",
          "Category": -74,
          "ExcludeFromRandomSale": true,
          "Price": 50,
          "Texture": "Mods/EnD/Objects",
          "SpriteIndex": 1
        },
        "TenebrousNova.EnD.SanguineHeart": {
          "Name": "TenebrousNova.EnD.SanguineHeart",
          "DisplayName": "{{i18n:Core.Items.SanguineHeart}}",
          "Description": "{{i18n:Core.Items.SanguineHeart.Description}}",
          "Type": "Fruit",
          "Category": -79,
          "ExcludeFromRandomSale": true,
          "ExcludeFromShippingCollection": true,
          "Price": 250,
          "Edibility": 30,
          "IsDrink": false,
          "Texture": "Mods/EnD/Objects",
          "SpriteIndex": 2,
          "ContextTags": [
            "color_red",
            "crop_sanguineheart"
          ]
        },
        "TenebrousNova.EnD.SanguineHeartSeeds": {
          "Name": "TenebrousNova.EnD.SanguineHeartSeeds",
          "DisplayName": "{{i18n:Core.Items.SanguineHeartSeeds}}",
          "Description": "{{i18n:Core.Items.SanguineHeartSeeds.Description}}",
          "Type": "Seeds",
          "Category": -74,
          "ExcludeFromRandomSale": true,
          "Price": 40,
          "Texture": "Mods/EnD/Objects",
          "SpriteIndex": 3
        },
        "TenebrousNova.EnD.BeholderFruit": {
          "Name": "TenebrousNova.EnD.BeholderFruit",
          "DisplayName": "{{i18n:Core.Items.BeholderFruit}}",
          "Description": "{{i18n:Core.Items.BeholderFruit.Description}}",
          "Type": "Fruit",
          "Category": -79,
          "ExcludeFromRandomSale": true,
          "ExcludeFromShippingCollection": true,
          "Price": 100,
          "Edibility": 25,
          "IsDrink": false,
          "Texture": "Mods/EnD/Objects",
          "SpriteIndex": 4,
          "ContextTags": [
            "color_red",
            "crop_beholderfruit"
          ]
        },
        "TenebrousNova.EnD.BeholderFruitSeeds": {
          "Name": "TenebrousNova.EnD.BeholderFruitSeeds",
          "DisplayName": "{{i18n:Core.Items.BeholderFruitSeeds}}",
          "Description": "{{i18n:Core.Items.BeholderFruitSeeds.Description}}",
          "Type": "Seeds",
          "Category": -74,
          "ExcludeFromRandomSale": true,
          "Price": 50,
          "Texture": "Mods/EnD/Objects",
          "SpriteIndex": 5
        },
        "TenebrousNova.EnD.DragonEye": {
          "Name": "TenebrousNova.EnD.DragonEye",
          "DisplayName": "{{i18n:Core.Items.DragonEye}}",
          "Description": "{{i18n:Core.Items.DragonEye.Description}}",
          "Type": "Fruit",
          "Category": -79,
          "ExcludeFromRandomSale": true,
          "ExcludeFromShippingCollection": true,
          "Price": 100,
          "Edibility": 20,
          "IsDrink": false,
          "Texture": "Mods/EnD/Objects",
          "SpriteIndex": 6
        },
        "TenebrousNova.EnD.DragonEyeSeeds": {
          "Name": "TenebrousNova.EnD.DragonEyeSeeds",
          "DisplayName": "{{i18n:Core.Items.DragonEyeSeeds}}",
          "Description": "{{i18n:Core.Items.DragonEyeSeeds.Description}}",
          "Type": "Seeds",
          "Category": -74,
          "ExcludeFromRandomSale": true,
          "Price": 50,
          "Texture": "Mods/EnD/Objects",
          "SpriteIndex": 7
        },
        "TenebrousNova.EnD.CrystallineLily": {
          "Name": "TenebrousNova.EnD.CrystallineLily",
          "DisplayName": "{{i18n:Core.Items.CrystallineLily}}",
          "Description": "{{i18n:Core.Items.CrystallineLily.Description}}",
          "Type": "Flower",
          "Category": -80,
          "ExcludeFromRandomSale": true,
          "ExcludeFromShippingCollection": true,
          "Price": 180,
          "Texture": "Mods/EnD/Objects",
          "SpriteIndex": 8
        },
        "TenebrousNova.EnD.CrystallineLilySeeds": {
          "Name": "TenerbousNova.EnD.CrystallineLilySeeds",
          "DisplayName": "{{i18n:Core.Items.CrystallineLilySeeds}}",
          "Description": "{{i18n:Core.Items.CrystallineLilySeeds.Description}}",
          "Type": "Seeds",
          "Category": -74,
          "ExcludeFromRandomSale": true,
          "Price": 60,
          "Texture": "Mods/EnD/Objects",
          "SpriteIndex": 9
        },
        "TenebrousNova.EnD.PixieBloom": {
          "Name": "TenebrousNova.EnD.PixieBloom",
          "DisplayName": "{{i18n:Core.Items.PixieBloom}}",
          "Description": "{{i18n:Core.Items.PixieBloom.Description}}",
          "Type": "Flower",
          "Category": -80,
          "ExcludeFromRandomSale": true,
          "ExcludeFromShippingCollection": true,
          "Price": 90,
          "Texture": "Mods/EnD/Objects",
          "SpriteIndex": 10
        },
        "TenebrousNova.EnD.PixieBloomSeeds": {
          "Name": "TenebrousNova.EnD.PixieBloomSeeds",
          "DisplayName": "{{i18n:Core.Items.PixieBloomSeeds}}",
          "Description": "{{i18n:Core.Items.PixieBloomSeeds.Description}}",
          "Type": "Seeds",
          "Category": -74,
          "ExcludeFromRandomSale": true,
          "Price": 60,
          "Texture": "Mods/EnD/Objects",
          "SpriteIndex": 11
        },
        "TenebrousNova.EnD.Bluffshroom": {
          "Name": "TenebrousNova.EnD.Bluffshroom",
          "DisplayName": "{{i18n:Core.Items.Bluffshroom}}",
          "Description": "{{i18n:Core.Items.Bluffshroom.Description}}",
          "Type": "Vegetable",
          "Category": -75,
          "ExcludeFromRandomSale": true,
          "ExcludeFromShippingCollection": true,
          "Price": 75,
          "Edibility": 15,
          "IsDrink": false,
          "Texture": "Mods/EnD/Objects",
          "SpriteIndex": 12
        },
        "TenebrousNova.EnD.BluffshroomStarter": {
          "Name": "TenebrousNova.EnD.BluffshroomStarter",
          "DisplayName": "{{i18n:Core.Items.BluffshroomStarter}}",
          "Description": "{{i18n:Core.Items.BluffshroomStarter.Description}}",
          "Type": "Seeds",
          "Category": -74,
          "ExcludeFromRandomSale": true,
          "Price": 50,
          "Texture": "Mods/EnD/Objects",
          "SpriteIndex": 13
        }
      }
    },

    {
      "Action": "EditData",
      "Target": "Data/Crops",
      "Entries": {
        "TenebrousNova.EnD.MandrakeRootSeeds": {
          "Seasons": [ "fall" ],
          "DaysInPhase": [ 1, 1, 2, 2, 3, 3 ],
          "RegrowDays": -1,
          "HarvestItemID": "TenebrousNova.EnD.MandrakeRoot",
          "Texture": "Mods/EnD/Crops",
          "SpriteIndex": 0
        },
        "TenebrousNova.EnD.SanguineHeartSeeds": {
          "Seasons": [ "fall" ],
          "DaysInPhase": [ 1, 1, 2, 2, 2, 2 ],
          "RegrowDays": -1,
          "HarvestItemID": "TenebrousNova.EnD.SanguineHeart",
          "Texture": "Mods/EnD/Crops",
          "SpriteIndex": 2
        },
        "TenebrousNova.EnD.BeholderFruitSeeds": {
          "Seasons": [ "fall" ],
          "DaysInPhase": [ 1, 3, 3, 3, 3 ],
          "RegrowDays": 4,
          "HarvestItemID": "TenebrousNova.EnD.BeholderFruit",
          "Texture": "Mods/EnD/Crops",
          "SpriteIndex": 4
        },
        "TenebrousNova.EnD.DragonEyeSeeds": {
          "Seasons": [ "summer" ],
          "DaysInPhase": [ 1, 3, 3, 3, 3 ],
          "RegrowDays": 4,
          "HarvestMinStack": 1,
          "HarvestMaxStack": 2,
          "HarvestItemID": "TenebrousNova.EnD.DragonEye",
          "Texture": "Mods/EnD/Crops",
          "SpriteIndex": 6
        },
        "TenebrousNova.EnD.CrystallineLilySeeds": {
          "Seasons": [ "winter" ],
          "DaysInPhase": [ 1, 3, 3, 3, 4 ],
          "RegrowDays": -1,
          "HarvestItemID": "TenebrousNova.EnD.CrystallineLily",
          "Texture": "Mods/EnD/Crops",
          "SpriteIndex": 8
        },
        "TenebrousNova.EnD.PixieBloomSeeds": {
          "Seasons": [ "spring", "summer" ],
          "DaysInPhase": [ 1, 2, 2, 3, 3, 3 ],
          "RegrowDays": -1,
          "HarvestMinStack": 1,
          "HarvestMaxStack": 3,
          "HarvestMaxIncreasePerFarmingLevel": 0.2,
          "HarvestItemID": "TenebrousNova.EnD.PixieBloom",
          "Texture": "Mods/EnD/Crops",
          "SpriteIndex": 10
        },
        "TenebrousNova.EnD.BluffshroomStarter": {
          "Seasons": [ "spring", "winter" ],
          "DaysInPhase": [ 2, 2, 2, 1, 1 ],
          "RegrowDays": 4,
          "IsRaised": true,
          "HarvestMinStack": 1,
          "HarvestMaxStack": 3,
          "HarvestMaxIncreasePerFarmingLevel": 0.2,
          "HarvestItemID": "TenebrousNova.EnD.Bluffshroom",
          "Texture": "Mods/EnD/Crops",
          "SpriteIndex": 12
        }
      }
    },

    //The Mandrake Root objects to being devoured. You monster.

  {
    "LogName": "Trigger Action - Mandrake Scream",
    "Action": "EditData",
    "Target": "Data/TriggerActions",
    "Entries": {
      "EnD.EatMandrake": {
        "Id": "EnD.EatMandrake",
        "Trigger": "spacechase0.SpaceCore_OnItemEaten",
        "Action": "spacechase0.SpaceCore_PlaySound rockGolemHit true",
        "MarkActionApplied": false,
        "Condition": "ITEM_ID Input (O)TenebrousNova.EnD.MandrakeRoot"
      }
    }
  },

    //Fish
    {
      "Action": "EditData",
      "Target": "Data/Objects",
      "Entries": {
        "TenebrousNova.EnD.LambentHyphafin": { //identity of the fish
          "Name": "TenebrousNova.EnD.LambentHyphafin", //ditto
          "DisplayName": "{{i18n:Core.Items.LambentHyphafin}}", //i18n
          "Description": "{{i18n:Core.Items.LambentHyphafin.Description}}",
          "Type": "Fish", //what it is
          "Category": -4, //fish category is 4
          "ExcludeFromRandomSale": true, //no one can randomly sell my fish
          "ExcludeFromShippingCollection": true, //perfection exclusion
          "ExcludeFromFishingCollection": true, //perfection exclusion
          "Price": 150, //price fish is worth
          "Edibility": 50, //positive number provides life
          "IsDrink": false, //do not drink fish
          "Texture": "Mods/EnD/Objects", //where to find my fish sprite
          "SpriteIndex": 14, //spot on the sheet it is located
          "ContextTags": [ //these are what can be referenced so the fish kind, where it can be caught, and it's color for dying things
            "color_blue",
            "fish_lambenthyphafin",
            "fish_semi_rare",
            "fish_cave",
            "fish_difficulty_hard"
          ]
        },
        "TenebrousNova.EnD.Junimeel": {
          "Name": "TenebrousNova.EnD.Junimeel",
          "DisplayName": "{{i18n:Core.Items.Junimeel}}",
          "Description": "{{i18n:Core.Items.Junimeel.Description}}",
          "Type": "Fish",
          "Category": -4,
          "ExcludeFromRandomSale": true,
          "ExcludeFromShippingCollection": true,
          "Price": 200,
          "Edibility": 70,
          "IsDrink": false,
          "Texture":"Mods/EnD/Objects",
          "SpriteIndex": 15,
          "ContextTags": [
            "color_green",
            "fish_junimeel",
            "fish_semi_rare",
            "fish_lake",
            "fish_difficulty_extremely_hard",
            "fish_favor_weather_sunny"
          ]
        }
      }
    }
  ]
 }

 